1cte:0.0827816,etheta:-0.757131,cmd_vel.linear.x:0,cmd_vel.angular.z:0
2cte:0.0825704,etheta:-0.763747,cmd_vel.linear.x:0.8,cmd_vel.angular.z:-0.102874
3cte:0.0825055,etheta:-0.763662,cmd_vel.linear.x:0.8,cmd_vel.angular.z:-0.10131
4cte:0.0825126,etheta:-0.763582,cmd_vel.linear.x:0.8,cmd_vel.angular.z:-0.10131
5cte:0.0837206,etheta:-0.759172,cmd_vel.linear.x:0.8,cmd_vel.angular.z:-0.101527
6cte:0.083694,etheta:-0.75905,cmd_vel.linear.x:0.8,cmd_vel.angular.z:-0.0637485
7cte:0.0835233,etheta:-0.758622,cmd_vel.linear.x:0.8,cmd_vel.angular.z:-0.064045
8cte:0.0845418,etheta:-0.77271,cmd_vel.linear.x:0.8,cmd_vel.angular.z:-0.0648245
9cte:0.0846347,etheta:-0.775273,cmd_vel.linear.x:0.8,cmd_vel.angular.z:-0.085526
10cte:0.0880858,etheta:-0.775505,cmd_vel.linear.x:0.8,cmd_vel.angular.z:-0.0781585
11cte:0.0762403,etheta:-0.76527,cmd_vel.linear.x:0.8,cmd_vel.angular.z:-0.027489
12cte:0.0792742,etheta:-0.754793,cmd_vel.linear.x:0.8,cmd_vel.angular.z:-0.0407055
13cte:0.0701752,etheta:-0.755888,cmd_vel.linear.x:0.8,cmd_vel.angular.z:0.115814
14cte:0.0513679,etheta:-0.74255,cmd_vel.linear.x:0.8,cmd_vel.angular.z:-0.0123934
15cte:0.0477518,etheta:-0.761174,cmd_vel.linear.x:0.8,cmd_vel.angular.z:-0.0214927
16cte:0.0647922,etheta:-0.764432,cmd_vel.linear.x:0.8,cmd_vel.angular.z:-0.134944
17cte:0.0490187,etheta:-0.753089,cmd_vel.linear.x:0.8,cmd_vel.angular.z:-0.256147
18cte:0.0579857,etheta:-0.723453,cmd_vel.linear.x:0.8,cmd_vel.angular.z:-0.274086
19cte:0.0387041,etheta:-0.707631,cmd_vel.linear.x:0.8,cmd_vel.angular.z:-0.176568
20cte:0.0458571,etheta:-0.655063,cmd_vel.linear.x:0.8,cmd_vel.angular.z:-0.199586
21cte:0.0182444,etheta:-0.633797,cmd_vel.linear.x:0.8,cmd_vel.angular.z:0.0112158
22cte:0.025279,etheta:-0.648623,cmd_vel.linear.x:0.8,cmd_vel.angular.z:-0.00443718
23cte:0.0153048,etheta:-0.674485,cmd_vel.linear.x:0.8,cmd_vel.angular.z:-0.196202
24cte:0.0026898,etheta:-0.668593,cmd_vel.linear.x:0.8,cmd_vel.angular.z:-0.407371
25cte:0.0286248,etheta:-0.591844,cmd_vel.linear.x:0.8,cmd_vel.angular.z:-0.419388
26cte:0.0136137,etheta:-0.583281,cmd_vel.linear.x:1,cmd_vel.angular.z:0.160862
27cte:0.00473957,etheta:-0.670662,cmd_vel.linear.x:1,cmd_vel.angular.z:0.174994
28cte:0.0403867,etheta:-0.661167,cmd_vel.linear.x:0.8,cmd_vel.angular.z:-0.345006
29cte:0.0338811,etheta:-0.658447,cmd_vel.linear.x:0.8,cmd_vel.angular.z:-0.126023
30cte:0.0399216,etheta:-0.661743,cmd_vel.linear.x:0.8,cmd_vel.angular.z:-0.123502
31cte:0.0264767,etheta:-0.6504,cmd_vel.linear.x:0.8,cmd_vel.angular.z:-0.116091
32cte:0.0260622,etheta:-0.645758,cmd_vel.linear.x:0.8,cmd_vel.angular.z:-0.120397
33cte:0.0333047,etheta:-0.664538,cmd_vel.linear.x:0.8,cmd_vel.angular.z:-0.101361
34cte:0.0031232,etheta:-0.634463,cmd_vel.linear.x:0.8,cmd_vel.angular.z:-0.185984
35cte:0.00426565,etheta:-0.632363,cmd_vel.linear.x:0.8,cmd_vel.angular.z:-0.209019
36cte:-0.0221861,etheta:-0.599926,cmd_vel.linear.x:0.8,cmd_vel.angular.z:-0.248999
37cte:-0.00791586,etheta:-0.577473,cmd_vel.linear.x:1,cmd_vel.angular.z:-0.353005
38cte:0.00173785,etheta:-0.527247,cmd_vel.linear.x:1,cmd_vel.angular.z:-0.235016
39cte:-0.00790278,etheta:-0.516219,cmd_vel.linear.x:1,cmd_vel.angular.z:-0.100632
40cte:-0.0326322,etheta:-0.479734,cmd_vel.linear.x:1,cmd_vel.angular.z:-0.0964542
41cte:-0.0412154,etheta:-0.466814,cmd_vel.linear.x:1,cmd_vel.angular.z:-0.175718
42cte:0.000547118,etheta:-0.462786,cmd_vel.linear.x:1,cmd_vel.angular.z:-0.175461
43cte:0.0108819,etheta:-0.395255,cmd_vel.linear.x:1,cmd_vel.angular.z:-0.134269
44cte:0.00503078,etheta:-0.385441,cmd_vel.linear.x:1,cmd_vel.angular.z:0.194065
45cte:0.00337594,etheta:-0.422131,cmd_vel.linear.x:1,cmd_vel.angular.z:0.217175
46cte:-0.0020134,etheta:-0.408909,cmd_vel.linear.x:1,cmd_vel.angular.z:-0.0400399
47cte:-0.0106023,etheta:-0.342439,cmd_vel.linear.x:1,cmd_vel.angular.z:-0.0309608
48cte:-0.0233168,etheta:-0.297374,cmd_vel.linear.x:1,cmd_vel.angular.z:0.194385
49cte:-0.0153593,etheta:-0.280547,cmd_vel.linear.x:1,cmd_vel.angular.z:0.22086
50cte:-0.0080376,etheta:-0.269731,cmd_vel.linear.x:1,cmd_vel.angular.z:0.230144
51cte:-0.0135062,etheta:-0.241224,cmd_vel.linear.x:1,cmd_vel.angular.z:0.306279
52cte:-0.00874348,etheta:-0.20495,cmd_vel.linear.x:1,cmd_vel.angular.z:0.319657
53cte:-0.0124141,etheta:-0.181087,cmd_vel.linear.x:1,cmd_vel.angular.z:0.47696
54cte:-0.00654176,etheta:-0.248827,cmd_vel.linear.x:1,cmd_vel.angular.z:0.488415
55cte:0.009487,etheta:-0.294603,cmd_vel.linear.x:1,cmd_vel.angular.z:0.351896
56cte:0.009487,etheta:-0.294603,cmd_vel.linear.x:1,cmd_vel.angular.z:0.421584
57cte:0.00235646,etheta:-0.276591,cmd_vel.linear.x:1,cmd_vel.angular.z:0.421584
58cte:-0.00273022,etheta:-0.247104,cmd_vel.linear.x:1,cmd_vel.angular.z:0.380899
59cte:0.00995259,etheta:-0.317134,cmd_vel.linear.x:1,cmd_vel.angular.z:0.387608
60cte:-0.00237035,etheta:-0.262201,cmd_vel.linear.x:1,cmd_vel.angular.z:0.399724
61cte:-0.00228451,etheta:-0.353852,cmd_vel.linear.x:1,cmd_vel.angular.z:0.400047
62cte:0.0210317,etheta:-0.534311,cmd_vel.linear.x:1,cmd_vel.angular.z:0.298489
63cte:-0.00456624,etheta:-0.499101,cmd_vel.linear.x:1,cmd_vel.angular.z:0.294342
64cte:-0.00549052,etheta:-0.5395,cmd_vel.linear.x:1,cmd_vel.angular.z:0.245055
65cte:-0.0330522,etheta:-0.501081,cmd_vel.linear.x:1,cmd_vel.angular.z:0.26973
66cte:-0.0195661,etheta:-0.636595,cmd_vel.linear.x:1,cmd_vel.angular.z:0.211083
67cte:-0.00483267,etheta:-0.850572,cmd_vel.linear.x:0.8,cmd_vel.angular.z:0.191933
68cte:-0.0287182,etheta:-0.823837,cmd_vel.linear.x:0.8,cmd_vel.angular.z:0.351751
69cte:0.010321,etheta:-0.962848,cmd_vel.linear.x:0.8,cmd_vel.angular.z:0.342052
70cte:-0.0485506,etheta:-0.906867,cmd_vel.linear.x:0.8,cmd_vel.angular.z:0.41007
71cte:-0.025045,etheta:-1.0614,cmd_vel.linear.x:0.8,cmd_vel.angular.z:0.397495
72cte:-0.0214569,etheta:-1.13675,cmd_vel.linear.x:0.8,cmd_vel.angular.z:0.567963
73cte:-0.0690015,etheta:-1.10539,cmd_vel.linear.x:0.8,cmd_vel.angular.z:0.638288
74cte:-0.111669,etheta:-1.09471,cmd_vel.linear.x:0.8,cmd_vel.angular.z:0.651595
75cte:-0.221312,etheta:-0.996572,cmd_vel.linear.x:0.8,cmd_vel.angular.z:0.773721
76cte:-0.206968,etheta:-1.06393,cmd_vel.linear.x:0.8,cmd_vel.angular.z:0.815644
77cte:-0.16383,etheta:-1.08303,cmd_vel.linear.x:0.72,cmd_vel.angular.z:1.55443
78cte:-0.20795,etheta:-1.0478,cmd_vel.linear.x:0.72,cmd_vel.angular.z:2.68228
79cte:-0.28234,etheta:-1.01257,cmd_vel.linear.x:0.72,cmd_vel.angular.z:2.7479
80cte:-0.318704,etheta:-0.972242,cmd_vel.linear.x:0.72,cmd_vel.angular.z:3.08465
81cte:-0.413527,etheta:-0.815794,cmd_vel.linear.x:0.72,cmd_vel.angular.z:3.12517
82cte:-0.413527,etheta:-0.815794,cmd_vel.linear.x:0.72,cmd_vel.angular.z:3.36397
83cte:-0.486793,etheta:-0.598578,cmd_vel.linear.x:0.72,cmd_vel.angular.z:3.36397
84cte:-0.599138,etheta:-0.0652657,cmd_vel.linear.x:0.9,cmd_vel.angular.z:4.2691
85cte:-0.673602,etheta:0.606449,cmd_vel.linear.x:0.9,cmd_vel.angular.z:4.30477
86cte:-0.688955,etheta:1.07514,cmd_vel.linear.x:0.72,cmd_vel.angular.z:3.32049
87cte:-0.592158,etheta:1.12045,cmd_vel.linear.x:0.72,cmd_vel.angular.z:3.04642
88cte:-0.404913,etheta:0.585005,cmd_vel.linear.x:0.72,cmd_vel.angular.z:2.80368
89cte:-0.445033,etheta:0.229328,cmd_vel.linear.x:0.9,cmd_vel.angular.z:2.66247
90cte:-0.52611,etheta:-0.086568,cmd_vel.linear.x:0.9,cmd_vel.angular.z:2.27794
91cte:-0.574922,etheta:-0.131056,cmd_vel.linear.x:0.9,cmd_vel.angular.z:1.61235
92cte:-0.708779,etheta:-0.13536,cmd_vel.linear.x:0.9,cmd_vel.angular.z:0.548867
93cte:-0.755216,etheta:-0.0735372,cmd_vel.linear.x:0.9,cmd_vel.angular.z:-0.231594
94cte:-0.79638,etheta:0.0237136,cmd_vel.linear.x:0.9,cmd_vel.angular.z:-0.781333
95cte:-0.802456,etheta:0.0632728,cmd_vel.linear.x:0.9,cmd_vel.angular.z:-1.28836
96cte:-0.819876,etheta:0.11446,cmd_vel.linear.x:0.9,cmd_vel.angular.z:-1.77209
97cte:-0.817071,etheta:0.154094,cmd_vel.linear.x:0.9,cmd_vel.angular.z:-1.47754
98cte:-0.820413,etheta:0.214221,cmd_vel.linear.x:0.9,cmd_vel.angular.z:-2.07998
99cte:-0.818854,etheta:0.268814,cmd_vel.linear.x:0.9,cmd_vel.angular.z:-2.78762
100cte:-0.808649,etheta:0.282767,cmd_vel.linear.x:0.9,cmd_vel.angular.z:-3.41493
101cte:-0.799467,etheta:0.297049,cmd_vel.linear.x:0.9,cmd_vel.angular.z:-3.74998
102cte:-0.794687,etheta:0.304348,cmd_vel.linear.x:0.9,cmd_vel.angular.z:-4.01317
103cte:-0.783709,etheta:0.331512,cmd_vel.linear.x:0.9,cmd_vel.angular.z:-4.13453
104cte:-0.796694,etheta:0.370343,cmd_vel.linear.x:0.9,cmd_vel.angular.z:-4.44896
105cte:-0.814756,etheta:0.424234,cmd_vel.linear.x:0.9,cmd_vel.angular.z:-4.45001
106cte:-0.815419,etheta:0.434318,cmd_vel.linear.x:0.9,cmd_vel.angular.z:-3.74706
107cte:-0.840284,etheta:0.462544,cmd_vel.linear.x:0.9,cmd_vel.angular.z:-3.72522
108cte:-0.847038,etheta:0.464176,cmd_vel.linear.x:0.9,cmd_vel.angular.z:-3.55593
109cte:-0.877753,etheta:0.479499,cmd_vel.linear.x:0.9,cmd_vel.angular.z:-3.43725
110cte:-0.908275,etheta:0.508246,cmd_vel.linear.x:0.9,cmd_vel.angular.z:-3.12702
111cte:-0.916742,etheta:0.498951,cmd_vel.linear.x:0.9,cmd_vel.angular.z:-2.65842
112cte:-0.941036,etheta:0.53669,cmd_vel.linear.x:0.9,cmd_vel.angular.z:-2.20677
113cte:-0.935935,etheta:0.537623,cmd_vel.linear.x:0.9,cmd_vel.angular.z:-2.17665
114cte:-0.928716,etheta:0.559155,cmd_vel.linear.x:0.9,cmd_vel.angular.z:-1.88893
115cte:-0.903704,etheta:0.604411,cmd_vel.linear.x:0.9,cmd_vel.angular.z:-1.37705
116cte:-0.907691,etheta:0.72403,cmd_vel.linear.x:0.72,cmd_vel.angular.z:-0.655718
117cte:-0.91233,etheta:0.955761,cmd_vel.linear.x:0.72,cmd_vel.angular.z:-0.155899
118cte:-0.924699,etheta:1.00796,cmd_vel.linear.x:0.72,cmd_vel.angular.z:0.500245
119cte:-0.958493,etheta:1.06188,cmd_vel.linear.x:0.72,cmd_vel.angular.z:0.782954
120cte:-1.00934,etheta:1.07137,cmd_vel.linear.x:0.72,cmd_vel.angular.z:1.17998
121cte:-1.1174,etheta:1.04836,cmd_vel.linear.x:0.72,cmd_vel.angular.z:1.55852
122cte:-1.15484,etheta:1.0561,cmd_vel.linear.x:0.72,cmd_vel.angular.z:1.5498
123cte:-1.12145,etheta:1.03852,cmd_vel.linear.x:0.72,cmd_vel.angular.z:1.63166
124cte:-1.15324,etheta:1.04504,cmd_vel.linear.x:0.72,cmd_vel.angular.z:1.82216
125cte:-1.12201,etheta:1.04011,cmd_vel.linear.x:0.72,cmd_vel.angular.z:1.73063
126cte:-1.16173,etheta:1.0544,cmd_vel.linear.x:0.72,cmd_vel.angular.z:1.81115
127cte:-1.16595,etheta:1.08072,cmd_vel.linear.x:0.72,cmd_vel.angular.z:1.13913
128cte:-1.08501,etheta:1.08729,cmd_vel.linear.x:0.72,cmd_vel.angular.z:0.746597
129cte:-1.05982,etheta:1.08278,cmd_vel.linear.x:0.72,cmd_vel.angular.z:0.621357
130cte:-0.888285,etheta:0.999181,cmd_vel.linear.x:0.72,cmd_vel.angular.z:0.260599
131cte:-0.8765,etheta:0.933466,cmd_vel.linear.x:0.56,cmd_vel.angular.z:-0.105762
132cte:-0.928664,etheta:0.882122,cmd_vel.linear.x:0.56,cmd_vel.angular.z:-0.431177
133cte:-0.913992,etheta:0.851442,cmd_vel.linear.x:0.56,cmd_vel.angular.z:-0.94489
134cte:-0.893803,etheta:0.823196,cmd_vel.linear.x:0.56,cmd_vel.angular.z:-1.07323
135cte:-0.880767,etheta:0.810006,cmd_vel.linear.x:0.56,cmd_vel.angular.z:-1.25155
136cte:-0.911081,etheta:0.832062,cmd_vel.linear.x:0.56,cmd_vel.angular.z:-1.34781
137cte:-0.897459,etheta:0.827454,cmd_vel.linear.x:0.56,cmd_vel.angular.z:-2.00094
138cte:-0.940946,etheta:0.866523,cmd_vel.linear.x:0.56,cmd_vel.angular.z:-2.07777
139cte:-0.959267,etheta:0.893178,cmd_vel.linear.x:0.56,cmd_vel.angular.z:-2.33134
140cte:-0.944151,etheta:0.891282,cmd_vel.linear.x:0.56,cmd_vel.angular.z:-2.65477
141cte:-0.798951,etheta:0.754073,cmd_vel.linear.x:0.56,cmd_vel.angular.z:-2.72749
142cte:-0.795028,etheta:0.772895,cmd_vel.linear.x:0.56,cmd_vel.angular.z:-2.04419
143cte:-0.825876,etheta:0.809458,cmd_vel.linear.x:0.56,cmd_vel.angular.z:-2.04786
144cte:-0.886948,etheta:0.861641,cmd_vel.linear.x:0.56,cmd_vel.angular.z:-2.06834
145cte:-0.940125,etheta:0.921797,cmd_vel.linear.x:0.56,cmd_vel.angular.z:-2.06685
146cte:-1.02486,etheta:0.966597,cmd_vel.linear.x:0.56,cmd_vel.angular.z:-1.86012
147cte:-1.07783,etheta:0.979022,cmd_vel.linear.x:0.56,cmd_vel.angular.z:-1.47484
148cte:-1.18881,etheta:0.972468,cmd_vel.linear.x:0.56,cmd_vel.angular.z:-1.32477
149cte:-1.26953,etheta:0.929406,cmd_vel.linear.x:0.56,cmd_vel.angular.z:-1.13467
150cte:-1.26953,etheta:0.929406,cmd_vel.linear.x:0.56,cmd_vel.angular.z:-1.04145
151cte:-1.30736,etheta:0.83894,cmd_vel.linear.x:0.56,cmd_vel.angular.z:-1.04145
152cte:-1.29139,etheta:0.648962,cmd_vel.linear.x:0.56,cmd_vel.angular.z:-0.597153
153cte:-1.27142,etheta:0.718339,cmd_vel.linear.x:0.56,cmd_vel.angular.z:0.0574591
154cte:-1.24714,etheta:0.906702,cmd_vel.linear.x:0.56,cmd_vel.angular.z:0.169903
155cte:-1.33961,etheta:0.694123,cmd_vel.linear.x:0.56,cmd_vel.angular.z:0.395751
156cte:-1.3182,etheta:-0.0425679,cmd_vel.linear.x:0.56,cmd_vel.angular.z:0.940168
157cte:-0.82526,etheta:-1.4097,cmd_vel.linear.x:0.7,cmd_vel.angular.z:1.25707
158cte:-0.663921,etheta:-1.42966,cmd_vel.linear.x:0.56,cmd_vel.angular.z:1.44066
159cte:-0.599333,etheta:-1.44647,cmd_vel.linear.x:0.56,cmd_vel.angular.z:1.57554
160cte:-0.675713,etheta:-1.43789,cmd_vel.linear.x:0.56,cmd_vel.angular.z:1.65346
161cte:-0.729654,etheta:-1.44613,cmd_vel.linear.x:0.56,cmd_vel.angular.z:1.74064
162cte:-0.953062,etheta:-1.42881,cmd_vel.linear.x:0.56,cmd_vel.angular.z:1.55212
163cte:-1.19894,etheta:-1.38956,cmd_vel.linear.x:0.56,cmd_vel.angular.z:1.56398
164cte:-1.08164,etheta:-1.39631,cmd_vel.linear.x:0.56,cmd_vel.angular.z:1.43996
165cte:-1.31982,etheta:-1.26457,cmd_vel.linear.x:0.56,cmd_vel.angular.z:1.29682
166cte:-1.45295,etheta:0.0385945,cmd_vel.linear.x:0.56,cmd_vel.angular.z:1.25354
167cte:-1.37889,etheta:0.82036,cmd_vel.linear.x:0.7,cmd_vel.angular.z:0.999952
168cte:-1.28392,etheta:0.895798,cmd_vel.linear.x:0.56,cmd_vel.angular.z:0.689291
169cte:-1.25976,etheta:0.79204,cmd_vel.linear.x:0.56,cmd_vel.angular.z:0.290601
170cte:-1.2451,etheta:0.727576,cmd_vel.linear.x:0.56,cmd_vel.angular.z:-0.133045
171cte:-1.23711,etheta:0.977362,cmd_vel.linear.x:0.56,cmd_vel.angular.z:-0.258638
172cte:-1.20646,etheta:0.961195,cmd_vel.linear.x:0.56,cmd_vel.angular.z:-0.762657
173cte:-1.15946,etheta:1.00889,cmd_vel.linear.x:0.56,cmd_vel.angular.z:-0.869835
174cte:-1.1107,etheta:1.00839,cmd_vel.linear.x:0.56,cmd_vel.angular.z:-0.733769
175cte:-1.07395,etheta:1.09439,cmd_vel.linear.x:0.56,cmd_vel.angular.z:-0.815833
176cte:-1.04462,etheta:1.09787,cmd_vel.linear.x:0.56,cmd_vel.angular.z:-1.20449
177cte:-1.04462,etheta:1.09787,cmd_vel.linear.x:0.56,cmd_vel.angular.z:-1.53671
178cte:-1.04461,etheta:1.09143,cmd_vel.linear.x:0.56,cmd_vel.angular.z:-1.53671
179cte:-1.01469,etheta:1.07661,cmd_vel.linear.x:0.56,cmd_vel.angular.z:-1.71453
180cte:-1.03143,etheta:1.05814,cmd_vel.linear.x:0.56,cmd_vel.angular.z:-1.78706
181cte:-1.05661,etheta:1.04004,cmd_vel.linear.x:0.56,cmd_vel.angular.z:-2.02671
182cte:-1.05263,etheta:1.03503,cmd_vel.linear.x:0.56,cmd_vel.angular.z:-2.26228
183cte:-1.0886,etheta:1.03744,cmd_vel.linear.x:0.56,cmd_vel.angular.z:-2.28474
184cte:-1.10473,etheta:1.03474,cmd_vel.linear.x:0.56,cmd_vel.angular.z:-2.25468
185cte:-1.19165,etheta:1.01437,cmd_vel.linear.x:0.56,cmd_vel.angular.z:-2.23212
186cte:-1.24618,etheta:1.00733,cmd_vel.linear.x:0.56,cmd_vel.angular.z:-2.2096
187cte:-1.27201,etheta:0.970724,cmd_vel.linear.x:0.56,cmd_vel.angular.z:-1.91865
188cte:-1.29342,etheta:0.920889,cmd_vel.linear.x:0.56,cmd_vel.angular.z:-1.79945
189cte:-1.29342,etheta:0.920889,cmd_vel.linear.x:0.56,cmd_vel.angular.z:-1.71683
190cte:-1.29817,etheta:0.965703,cmd_vel.linear.x:0.56,cmd_vel.angular.z:-1.71683
191cte:-1.31926,etheta:1.1283,cmd_vel.linear.x:0.56,cmd_vel.angular.z:-1.57149
192cte:-1.34462,etheta:0.991939,cmd_vel.linear.x:0.56,cmd_vel.angular.z:-1.46983
193cte:-1.25268,etheta:0.147669,cmd_vel.linear.x:0.56,cmd_vel.angular.z:-1.26541
194cte:-0.901979,etheta:-1.22253,cmd_vel.linear.x:0.7,cmd_vel.angular.z:-1.47251
195cte:-0.431896,etheta:-1.30628,cmd_vel.linear.x:0.56,cmd_vel.angular.z:-0.919184
196cte:-0.30094,etheta:-1.25308,cmd_vel.linear.x:0.56,cmd_vel.angular.z:-0.777551
197cte:-0.179348,etheta:-1.22973,cmd_vel.linear.x:0.56,cmd_vel.angular.z:-0.592523
198cte:-0.0815895,etheta:-1.21181,cmd_vel.linear.x:0.56,cmd_vel.angular.z:-0.732227
199cte:-0.0544922,etheta:-1.09612,cmd_vel.linear.x:0.56,cmd_vel.angular.z:-0.813124
200cte:-0.0162716,etheta:-0.924623,cmd_vel.linear.x:0.56,cmd_vel.angular.z:-0.698378
201cte:-0.00143131,etheta:-0.777187,cmd_vel.linear.x:0.56,cmd_vel.angular.z:-0.797566
202cte:0.0176695,etheta:-0.835745,cmd_vel.linear.x:0.56,cmd_vel.angular.z:-0.756007
203cte:0.0408865,etheta:-0.908729,cmd_vel.linear.x:0.56,cmd_vel.angular.z:-0.963355
204cte:0.0408865,etheta:-0.908729,cmd_vel.linear.x:0.56,cmd_vel.angular.z:-1.26869
205cte:0.0560949,etheta:-0.871309,cmd_vel.linear.x:0.56,cmd_vel.angular.z:-1.21525
206cte:0.0496601,etheta:-0.593209,cmd_vel.linear.x:0.56,cmd_vel.angular.z:-1.33502
207cte:0.063729,etheta:-0.61655,cmd_vel.linear.x:0.7,cmd_vel.angular.z:-1.63338
208cte:0.0868114,etheta:-0.649569,cmd_vel.linear.x:0.56,cmd_vel.angular.z:-1.51447
209cte:0.0758139,etheta:0.423492,cmd_vel.linear.x:0.56,cmd_vel.angular.z:-1.67584
210cte:0.0747549,etheta:0.61612,cmd_vel.linear.x:0.7,cmd_vel.angular.z:-1.98891
211cte:0.0999323,etheta:0.771783,cmd_vel.linear.x:0.56,cmd_vel.angular.z:-1.62234
212cte:0.0618908,etheta:0.698483,cmd_vel.linear.x:0.56,cmd_vel.angular.z:-1.57203
213cte:0.0708816,etheta:0.579739,cmd_vel.linear.x:0.56,cmd_vel.angular.z:-1.65489
214cte:0.0484226,etheta:0.379456,cmd_vel.linear.x:0.7,cmd_vel.angular.z:-2.02471
215cte:0.0443093,etheta:-0.0259439,cmd_vel.linear.x:0.7,cmd_vel.angular.z:-1.90878
216cte:0.0421852,etheta:-0.733724,cmd_vel.linear.x:0.7,cmd_vel.angular.z:-1.82923
217cte:0.054632,etheta:-0.728761,cmd_vel.linear.x:0.56,cmd_vel.angular.z:-1.34549
218cte:0.0751435,etheta:-0.959359,cmd_vel.linear.x:0.56,cmd_vel.angular.z:-1.38951
219cte:0.0665213,etheta:-1.10654,cmd_vel.linear.x:0.56,cmd_vel.angular.z:-1.30678
220cte:0.0756399,etheta:-1.19131,cmd_vel.linear.x:0.56,cmd_vel.angular.z:-1.19867
221cte:0.0656185,etheta:-1.18603,cmd_vel.linear.x:0.56,cmd_vel.angular.z:-1.04546
222cte:0.0685895,etheta:-1.1809,cmd_vel.linear.x:0.56,cmd_vel.angular.z:-0.949597
223cte:0.0396858,etheta:-1.08377,cmd_vel.linear.x:0.56,cmd_vel.angular.z:-0.788717
224cte:0.0079369,etheta:-0.948986,cmd_vel.linear.x:0.56,cmd_vel.angular.z:-0.476024
225cte:-0.00587931,etheta:-0.726136,cmd_vel.linear.x:0.56,cmd_vel.angular.z:-0.307241
226cte:-0.0282029,etheta:-0.371854,cmd_vel.linear.x:0.56,cmd_vel.angular.z:-0.214802
227cte:-0.0309742,etheta:-0.0828373,cmd_vel.linear.x:0.7,cmd_vel.angular.z:-0.0825728
228cte:-0.031184,etheta:0.284332,cmd_vel.linear.x:0.7,cmd_vel.angular.z:0.0865113
229cte:-0.0360957,etheta:0.508718,cmd_vel.linear.x:0.7,cmd_vel.angular.z:0.249892
230cte:-0.0518465,etheta:0.758792,cmd_vel.linear.x:0.7,cmd_vel.angular.z:0.319246
231cte:-0.0319897,etheta:0.849483,cmd_vel.linear.x:0.56,cmd_vel.angular.z:0.312617
232cte:-0.0519581,etheta:0.901722,cmd_vel.linear.x:0.56,cmd_vel.angular.z:0.396704
233cte:-0.0190967,etheta:0.937823,cmd_vel.linear.x:0.56,cmd_vel.angular.z:0.315927
234cte:-0.067066,etheta:1.04038,cmd_vel.linear.x:0.56,cmd_vel.angular.z:0.383278
235cte:-0.101697,etheta:1.08486,cmd_vel.linear.x:0.56,cmd_vel.angular.z:0.262497
236cte:-0.0784536,etheta:1.0783,cmd_vel.linear.x:0.56,cmd_vel.angular.z:0.120363
237cte:-0.0464826,etheta:1.08089,cmd_vel.linear.x:0.56,cmd_vel.angular.z:0.123731
238cte:-0.0155953,etheta:1.05709,cmd_vel.linear.x:0.56,cmd_vel.angular.z:0.0112705
239cte:-0.0479818,etheta:1.09404,cmd_vel.linear.x:0.56,cmd_vel.angular.z:-0.0161057
240cte:-0.0189009,etheta:1.06857,cmd_vel.linear.x:0.56,cmd_vel.angular.z:-0.165639
241cte:-0.0585425,etheta:1.10707,cmd_vel.linear.x:0.56,cmd_vel.angular.z:-0.20124
242cte:-0.0875949,etheta:1.13557,cmd_vel.linear.x:0.56,cmd_vel.angular.z:-0.386435
243cte:-0.0488281,etheta:1.10055,cmd_vel.linear.x:0.56,cmd_vel.angular.z:-0.606171
244cte:-0.0546118,etheta:1.10011,cmd_vel.linear.x:0.56,cmd_vel.angular.z:-0.684161
245cte:-0.0546118,etheta:1.10011,cmd_vel.linear.x:0.56,cmd_vel.angular.z:-0.705921
246cte:-0.0648895,etheta:1.12641,cmd_vel.linear.x:0.56,cmd_vel.angular.z:-0.705921
247cte:-0.113692,etheta:1.14061,cmd_vel.linear.x:0.56,cmd_vel.angular.z:-0.997731
248cte:-0.0808966,etheta:1.12376,cmd_vel.linear.x:0.56,cmd_vel.angular.z:-1.25358
249cte:-0.0730408,etheta:1.11724,cmd_vel.linear.x:0.56,cmd_vel.angular.z:-1.31047
250cte:-0.113673,etheta:1.13488,cmd_vel.linear.x:0.56,cmd_vel.angular.z:-1.46104
251cte:-0.039801,etheta:1.13982,cmd_vel.linear.x:0.56,cmd_vel.angular.z:-1.60109
252cte:-0.0671904,etheta:1.17961,cmd_vel.linear.x:0.56,cmd_vel.angular.z:-1.697
253cte:-0.0280192,etheta:1.19906,cmd_vel.linear.x:0.56,cmd_vel.angular.z:-1.83053
254cte:-0.0289911,etheta:1.23373,cmd_vel.linear.x:0.56,cmd_vel.angular.z:-1.83546
255cte:0.0247977,etheta:1.24612,cmd_vel.linear.x:0.56,cmd_vel.angular.z:-1.88229
256cte:-0.00630422,etheta:1.28499,cmd_vel.linear.x:0.56,cmd_vel.angular.z:-1.87479
257cte:-0.0135317,etheta:1.31426,cmd_vel.linear.x:0.56,cmd_vel.angular.z:-1.85203
258cte:-0.0135317,etheta:1.31426,cmd_vel.linear.x:0.56,cmd_vel.angular.z:-1.82787
259cte:-0.0444327,etheta:1.33291,cmd_vel.linear.x:0.56,cmd_vel.angular.z:-1.85007
260cte:0.0480179,etheta:1.32671,cmd_vel.linear.x:0.56,cmd_vel.angular.z:-1.83495
261cte:0.0944445,etheta:1.32284,cmd_vel.linear.x:0.56,cmd_vel.angular.z:-1.71864
262cte:0.197491,etheta:1.30229,cmd_vel.linear.x:0.56,cmd_vel.angular.z:-1.60409
263cte:0.328698,etheta:1.25678,cmd_vel.linear.x:0.56,cmd_vel.angular.z:-1.47231
264cte:0.646181,etheta:0.900117,cmd_vel.linear.x:0.56,cmd_vel.angular.z:-1.33988
265cte:0.784323,etheta:-0.0354517,cmd_vel.linear.x:0.56,cmd_vel.angular.z:-1.03977
266cte:0.861199,etheta:-0.829581,cmd_vel.linear.x:0.7,cmd_vel.angular.z:-1.08825
267cte:0.862517,etheta:-1.0762,cmd_vel.linear.x:0.56,cmd_vel.angular.z:-0.705621
268cte:0.789975,etheta:-1.12091,cmd_vel.linear.x:0.56,cmd_vel.angular.z:-0.726496
269cte:0.69192,etheta:-1.11883,cmd_vel.linear.x:0.56,cmd_vel.angular.z:-0.595394
270cte:0.628033,etheta:-1.08876,cmd_vel.linear.x:0.56,cmd_vel.angular.z:-0.458757
271cte:0.562672,etheta:-1.0287,cmd_vel.linear.x:0.56,cmd_vel.angular.z:-0.5249
272cte:0.604813,etheta:-1.01618,cmd_vel.linear.x:0.72,cmd_vel.angular.z:-0.23059
273cte:0.558946,etheta:-0.98079,cmd_vel.linear.x:0.72,cmd_vel.angular.z:-0.279789
274cte:0.531421,etheta:-0.93596,cmd_vel.linear.x:0.72,cmd_vel.angular.z:-0.237177
275cte:0.490043,etheta:-0.891901,cmd_vel.linear.x:0.72,cmd_vel.angular.z:-0.197396
276cte:0.50225,etheta:-0.858109,cmd_vel.linear.x:0.72,cmd_vel.angular.z:-0.159487
277cte:0.506218,etheta:-0.821915,cmd_vel.linear.x:0.72,cmd_vel.angular.z:-0.132376
278cte:0.449362,etheta:-0.744588,cmd_vel.linear.x:0.72,cmd_vel.angular.z:-0.0929257
279cte:0.469144,etheta:-0.726327,cmd_vel.linear.x:0.72,cmd_vel.angular.z:-0.0130574
280cte:0.445363,etheta:-0.687644,cmd_vel.linear.x:0.72,cmd_vel.angular.z:0.0811653
281cte:0.435164,etheta:-0.659362,cmd_vel.linear.x:0.72,cmd_vel.angular.z:0.135983
282cte:0.413948,etheta:-0.620985,cmd_vel.linear.x:0.72,cmd_vel.angular.z:0.169875
283cte:0.423597,etheta:-0.619306,cmd_vel.linear.x:0.72,cmd_vel.angular.z:0.216777
284cte:0.439403,etheta:-0.6279,cmd_vel.linear.x:0.72,cmd_vel.angular.z:0.288381
285cte:0.41781,etheta:-0.594739,cmd_vel.linear.x:0.72,cmd_vel.angular.z:0.32872
286cte:0.42764,etheta:-0.609579,cmd_vel.linear.x:0.9,cmd_vel.angular.z:0.466309
287cte:0.42764,etheta:-0.609579,cmd_vel.linear.x:0.72,cmd_vel.angular.z:0.406066
288cte:0.413015,etheta:-0.594552,cmd_vel.linear.x:0.72,cmd_vel.angular.z:0.406066
289cte:0.445083,etheta:-0.632134,cmd_vel.linear.x:0.9,cmd_vel.angular.z:0.58108
290cte:0.429823,etheta:-0.614188,cmd_vel.linear.x:0.72,cmd_vel.angular.z:0.537406
291cte:0.403321,etheta:-0.587273,cmd_vel.linear.x:0.72,cmd_vel.angular.z:0.566151
292cte:0.3907,etheta:-0.572846,cmd_vel.linear.x:0.9,cmd_vel.angular.z:0.829841
293cte:0.403833,etheta:-0.613544,cmd_vel.linear.x:0.9,cmd_vel.angular.z:0.855421
294cte:0.38947,etheta:-0.602062,cmd_vel.linear.x:0.72,cmd_vel.angular.z:0.672401
295cte:0.4014,etheta:-0.63186,cmd_vel.linear.x:0.72,cmd_vel.angular.z:0.679429
296cte:0.405439,etheta:-0.653431,cmd_vel.linear.x:0.72,cmd_vel.angular.z:0.696115
297cte:0.395728,etheta:-0.650657,cmd_vel.linear.x:0.64,cmd_vel.angular.z:0.690914
298cte:0.408719,etheta:-0.6667,cmd_vel.linear.x:0.64,cmd_vel.angular.z:0.680602
299cte:0.398716,etheta:-0.668288,cmd_vel.linear.x:0.64,cmd_vel.angular.z:0.683279
300cte:0.409763,etheta:-0.692008,cmd_vel.linear.x:0.64,cmd_vel.angular.z:0.657645
301cte:0.416348,etheta:-0.694177,cmd_vel.linear.x:0.64,cmd_vel.angular.z:0.540463
302cte:0.404916,etheta:-0.696184,cmd_vel.linear.x:0.64,cmd_vel.angular.z:0.489289
303cte:0.421599,etheta:-0.707151,cmd_vel.linear.x:0.64,cmd_vel.angular.z:0.448053
304cte:0.401319,etheta:-0.705505,cmd_vel.linear.x:0.64,cmd_vel.angular.z:0.456074
305cte:0.408645,etheta:-0.709183,cmd_vel.linear.x:0.64,cmd_vel.angular.z:0.394566
306cte:0.430949,etheta:-0.714007,cmd_vel.linear.x:0.64,cmd_vel.angular.z:0.38475
307cte:0.419589,etheta:-0.709983,cmd_vel.linear.x:0.64,cmd_vel.angular.z:0.364145
308cte:0.415906,etheta:-0.705664,cmd_vel.linear.x:0.64,cmd_vel.angular.z:0.338186
309cte:0.402939,etheta:-0.698079,cmd_vel.linear.x:0.48,cmd_vel.angular.z:0.36373
310cte:0.425122,etheta:-0.700326,cmd_vel.linear.x:0.48,cmd_vel.angular.z:0.351089
311cte:0.439691,etheta:-0.698349,cmd_vel.linear.x:0.48,cmd_vel.angular.z:0.364475
312cte:0.439691,etheta:-0.698349,cmd_vel.linear.x:0.48,cmd_vel.angular.z:0.382876
313cte:0.447281,etheta:-0.69395,cmd_vel.linear.x:0.48,cmd_vel.angular.z:0.382876
314cte:0.434931,etheta:-0.685611,cmd_vel.linear.x:0.48,cmd_vel.angular.z:0.403848
315cte:0.444206,etheta:-0.685877,cmd_vel.linear.x:0.48,cmd_vel.angular.z:0.396964
316cte:0.42406,etheta:-0.670395,cmd_vel.linear.x:0.48,cmd_vel.angular.z:0.402723
317cte:0.396305,etheta:-0.642887,cmd_vel.linear.x:0.48,cmd_vel.angular.z:0.394702
318cte:0.407762,etheta:-0.647838,cmd_vel.linear.x:0.48,cmd_vel.angular.z:0.387147
319cte:0.419123,etheta:-0.647366,cmd_vel.linear.x:0.48,cmd_vel.angular.z:0.445097
320cte:0.426668,etheta:-0.64383,cmd_vel.linear.x:0.48,cmd_vel.angular.z:0.539966
321cte:0.411512,etheta:-0.63056,cmd_vel.linear.x:0.48,cmd_vel.angular.z:0.655712
322cte:0.421855,etheta:-0.624784,cmd_vel.linear.x:0.48,cmd_vel.angular.z:0.662865
323cte:0.407329,etheta:-0.609779,cmd_vel.linear.x:0.48,cmd_vel.angular.z:0.80649
324cte:0.433507,etheta:-0.628333,cmd_vel.linear.x:0.48,cmd_vel.angular.z:0.826019
325cte:0.44971,etheta:-0.653679,cmd_vel.linear.x:0.48,cmd_vel.angular.z:0.983577
326cte:0.44971,etheta:-0.653679,cmd_vel.linear.x:0.48,cmd_vel.angular.z:1.09131
327cte:0.457705,etheta:-0.675416,cmd_vel.linear.x:0.48,cmd_vel.angular.z:1.09131
328cte:0.445439,etheta:-0.674832,cmd_vel.linear.x:0.48,cmd_vel.angular.z:1.20379
329cte:0.467401,etheta:-0.736315,cmd_vel.linear.x:0.48,cmd_vel.angular.z:1.2349
330cte:0.480189,etheta:-0.780005,cmd_vel.linear.x:0.48,cmd_vel.angular.z:1.39336
331cte:0.4688,etheta:-0.790874,cmd_vel.linear.x:0.48,cmd_vel.angular.z:1.48699
332cte:0.462621,etheta:-0.840239,cmd_vel.linear.x:0.48,cmd_vel.angular.z:1.51808
333cte:0.456817,etheta:-0.855663,cmd_vel.linear.x:0.48,cmd_vel.angular.z:1.61129
334cte:0.476343,etheta:-0.910985,cmd_vel.linear.x:0.48,cmd_vel.angular.z:1.63315
335cte:0.490193,etheta:-0.946004,cmd_vel.linear.x:0.48,cmd_vel.angular.z:1.78506
336cte:0.491372,etheta:-0.969923,cmd_vel.linear.x:0.48,cmd_vel.angular.z:1.80486
337cte:0.494059,etheta:-0.988335,cmd_vel.linear.x:0.48,cmd_vel.angular.z:1.81552
338cte:0.513918,etheta:-1.01841,cmd_vel.linear.x:0.48,cmd_vel.angular.z:1.82236
339cte:0.550045,etheta:-1.04698,cmd_vel.linear.x:0.48,cmd_vel.angular.z:1.86266
340cte:0.550045,etheta:-1.04698,cmd_vel.linear.x:0.48,cmd_vel.angular.z:1.90433
341cte:0.592564,etheta:-1.06227,cmd_vel.linear.x:0.48,cmd_vel.angular.z:1.90433
342cte:0.633186,etheta:-1.06981,cmd_vel.linear.x:0.48,cmd_vel.angular.z:1.9145
343cte:0.675764,etheta:-1.08361,cmd_vel.linear.x:0.48,cmd_vel.angular.z:1.90082
344cte:0.725547,etheta:-1.10012,cmd_vel.linear.x:0.48,cmd_vel.angular.z:1.87371
345cte:0.786048,etheta:-1.10458,cmd_vel.linear.x:0.48,cmd_vel.angular.z:1.90737
346cte:0.938984,etheta:-1.08229,cmd_vel.linear.x:0.48,cmd_vel.angular.z:1.8772
347cte:0.910898,etheta:-1.07747,cmd_vel.linear.x:0.48,cmd_vel.angular.z:1.81029
348cte:0.972482,etheta:-1.02835,cmd_vel.linear.x:0.48,cmd_vel.angular.z:1.65801
349cte:1.00308,etheta:-0.93679,cmd_vel.linear.x:0.48,cmd_vel.angular.z:1.61905
350cte:0.998882,etheta:-0.842645,cmd_vel.linear.x:0.48,cmd_vel.angular.z:1.58616
351cte:0.993381,etheta:-0.846633,cmd_vel.linear.x:0.48,cmd_vel.angular.z:1.57702
352cte:0.92961,etheta:-1.00449,cmd_vel.linear.x:0.48,cmd_vel.angular.z:1.61103
353cte:0.92961,etheta:-1.00449,cmd_vel.linear.x:0.48,cmd_vel.angular.z:1.5987
354cte:0.955212,etheta:-1.07111,cmd_vel.linear.x:0.48,cmd_vel.angular.z:1.5987
355cte:0.986143,etheta:-1.00364,cmd_vel.linear.x:0.48,cmd_vel.angular.z:1.62482
356cte:0.995362,etheta:-0.865208,cmd_vel.linear.x:0.48,cmd_vel.angular.z:1.57689
357cte:1.02144,etheta:-0.866033,cmd_vel.linear.x:0.48,cmd_vel.angular.z:1.53705
358cte:0.994888,etheta:-0.569297,cmd_vel.linear.x:0.48,cmd_vel.angular.z:1.72096
359cte:0.890999,etheta:-0.739952,cmd_vel.linear.x:0.6,cmd_vel.angular.z:2.07546
360cte:0.888838,etheta:-0.815172,cmd_vel.linear.x:0.48,cmd_vel.angular.z:1.57036
361cte:0.905268,etheta:-0.66013,cmd_vel.linear.x:0.48,cmd_vel.angular.z:1.54841
362cte:0.760494,etheta:0.893645,cmd_vel.linear.x:0.48,cmd_vel.angular.z:1.61285
363cte:0.590183,etheta:1.21508,cmd_vel.linear.x:0.48,cmd_vel.angular.z:1.5697
364cte:0.354166,etheta:1.3337,cmd_vel.linear.x:0.48,cmd_vel.angular.z:1.5436
365cte:0.278336,etheta:1.34612,cmd_vel.linear.x:0.48,cmd_vel.angular.z:2.86615
366cte:0.121182,etheta:1.34923,cmd_vel.linear.x:0.48,cmd_vel.angular.z:2.83737
367cte:0.121182,etheta:1.34923,cmd_vel.linear.x:0.48,cmd_vel.angular.z:2.77185
368cte:-0.00315742,etheta:1.38513,cmd_vel.linear.x:0.48,cmd_vel.angular.z:2.77185
369cte:-0.0969921,etheta:1.38024,cmd_vel.linear.x:0.48,cmd_vel.angular.z:2.9819
370cte:0.0252149,etheta:1.30908,cmd_vel.linear.x:0.48,cmd_vel.angular.z:3.10845
371cte:-0.0726614,etheta:1.29522,cmd_vel.linear.x:0.48,cmd_vel.angular.z:2.99372
372cte:-0.0228512,etheta:1.23803,cmd_vel.linear.x:0.48,cmd_vel.angular.z:2.97678
373cte:-0.0604616,etheta:1.23705,cmd_vel.linear.x:0.48,cmd_vel.angular.z:2.85419
374cte:0.00585243,etheta:1.13873,cmd_vel.linear.x:0.48,cmd_vel.angular.z:2.75062
375cte:0.0216931,etheta:1.10169,cmd_vel.linear.x:0.48,cmd_vel.angular.z:2.57012
376cte:-0.0217178,etheta:1.05906,cmd_vel.linear.x:0.48,cmd_vel.angular.z:2.50205
377cte:0.0118102,etheta:0.958293,cmd_vel.linear.x:0.48,cmd_vel.angular.z:2.31792
378cte:0.0182046,etheta:0.970765,cmd_vel.linear.x:0.48,cmd_vel.angular.z:2.14923
379cte:0.0446323,etheta:0.887893,cmd_vel.linear.x:0.48,cmd_vel.angular.z:2.15789
380cte:0.0446323,etheta:0.887893,cmd_vel.linear.x:0.48,cmd_vel.angular.z:1.99996
381cte:-0.0312949,etheta:0.959161,cmd_vel.linear.x:0.48,cmd_vel.angular.z:1.99996
382cte:-0.0112155,etheta:0.90138,cmd_vel.linear.x:0.48,cmd_vel.angular.z:2.20797
383cte:0.0183374,etheta:0.7325,cmd_vel.linear.x:0.48,cmd_vel.angular.z:2.11822
384cte:0.0372231,etheta:0.552288,cmd_vel.linear.x:0.48,cmd_vel.angular.z:1.92035
385cte:0.0475573,etheta:0.14442,cmd_vel.linear.x:0.6,cmd_vel.angular.z:2.14492
386cte:0.0409177,etheta:-0.0620334,cmd_vel.linear.x:0.6,cmd_vel.angular.z:1.64545
387cte:0.0296902,etheta:-0.270847,cmd_vel.linear.x:0.6,cmd_vel.angular.z:1.38662
388cte:-0.00231222,etheta:-0.477196,cmd_vel.linear.x:0.6,cmd_vel.angular.z:0.992738
389cte:-0.00752075,etheta:-0.888951,cmd_vel.linear.x:0.6,cmd_vel.angular.z:0.697937
390cte:0.0138768,etheta:-1.01988,cmd_vel.linear.x:0.48,cmd_vel.angular.z:0.370739
391cte:-0.0337762,etheta:-1.07814,cmd_vel.linear.x:0.48,cmd_vel.angular.z:0.254971
392cte:-0.021659,etheta:-1.0967,cmd_vel.linear.x:0.48,cmd_vel.angular.z:-0.00251639
393cte:-0.0305587,etheta:-1.22983,cmd_vel.linear.x:0.48,cmd_vel.angular.z:0.00107005
394cte:-0.124552,etheta:-1.23742,cmd_vel.linear.x:0.48,cmd_vel.angular.z:-0.367439
395cte:-0.127277,etheta:-1.2172,cmd_vel.linear.x:0.48,cmd_vel.angular.z:-0.642553
396cte:-0.159488,etheta:-1.21653,cmd_vel.linear.x:0.48,cmd_vel.angular.z:-0.862355
397cte:-0.137628,etheta:-1.27688,cmd_vel.linear.x:0.48,cmd_vel.angular.z:-0.930354
398cte:-0.188848,etheta:-1.3087,cmd_vel.linear.x:0.48,cmd_vel.angular.z:-1.03438
399cte:-0.242665,etheta:-1.29235,cmd_vel.linear.x:0.48,cmd_vel.angular.z:-1.19122
400cte:-0.208032,etheta:-1.31476,cmd_vel.linear.x:0.48,cmd_vel.angular.z:-1.23378
401cte:-0.254046,etheta:-1.29655,cmd_vel.linear.x:0.48,cmd_vel.angular.z:-1.00202
402cte:-0.273542,etheta:-1.28529,cmd_vel.linear.x:0.48,cmd_vel.angular.z:-1.02019
403cte:-0.222646,etheta:-1.31388,cmd_vel.linear.x:0.48,cmd_vel.angular.z:-1.01863
404cte:-0.222238,etheta:-1.30316,cmd_vel.linear.x:0.48,cmd_vel.angular.z:-0.986814
405cte:-0.204396,etheta:-1.30422,cmd_vel.linear.x:0.48,cmd_vel.angular.z:-0.941635
406cte:-0.203681,etheta:-1.29415,cmd_vel.linear.x:0.48,cmd_vel.angular.z:-0.623813
407cte:-0.181998,etheta:-1.30744,cmd_vel.linear.x:0.48,cmd_vel.angular.z:-0.579136
408cte:-0.167033,etheta:-1.30998,cmd_vel.linear.x:0.48,cmd_vel.angular.z:-0.604372
409cte:-0.175266,etheta:-1.3,cmd_vel.linear.x:0.48,cmd_vel.angular.z:-0.57209
410cte:-0.159782,etheta:-1.30725,cmd_vel.linear.x:0.48,cmd_vel.angular.z:-0.539237
411cte:-0.177288,etheta:-1.29805,cmd_vel.linear.x:0.48,cmd_vel.angular.z:-0.47819
412cte:-0.222234,etheta:-1.26833,cmd_vel.linear.x:0.48,cmd_vel.angular.z:-0.463297
413cte:-0.21227,etheta:-1.28023,cmd_vel.linear.x:0.48,cmd_vel.angular.z:-0.42225
414cte:-0.237842,etheta:-1.26423,cmd_vel.linear.x:0.48,cmd_vel.angular.z:-0.376006
415cte:-0.17748,etheta:-1.26007,cmd_vel.linear.x:0.48,cmd_vel.angular.z:-0.356807
416cte:-0.191291,etheta:-1.25141,cmd_vel.linear.x:0.48,cmd_vel.angular.z:-0.426138
417cte:-0.271699,etheta:-1.24722,cmd_vel.linear.x:0.48,cmd_vel.angular.z:-0.417984
418cte:-0.29924,etheta:-1.22988,cmd_vel.linear.x:0.64,cmd_vel.angular.z:-0.299102
419cte:-0.307745,etheta:-1.23466,cmd_vel.linear.x:0.64,cmd_vel.angular.z:-0.29382
420cte:-0.316761,etheta:-1.2329,cmd_vel.linear.x:0.64,cmd_vel.angular.z:-0.343256
421cte:-0.316761,etheta:-1.2329,cmd_vel.linear.x:0.64,cmd_vel.angular.z:-0.319845
422cte:-0.323061,etheta:-1.22129,cmd_vel.linear.x:0.64,cmd_vel.angular.z:-0.319845
423cte:-0.351229,etheta:-1.20309,cmd_vel.linear.x:0.64,cmd_vel.angular.z:-0.30741
424cte:-0.363565,etheta:-1.19489,cmd_vel.linear.x:0.64,cmd_vel.angular.z:-0.303432
425cte:-0.444826,etheta:-1.08166,cmd_vel.linear.x:0.64,cmd_vel.angular.z:-0.304764
426cte:-0.472598,etheta:-1.05632,cmd_vel.linear.x:0.64,cmd_vel.angular.z:-0.27425
427cte:-0.51156,etheta:-0.983018,cmd_vel.linear.x:0.64,cmd_vel.angular.z:-0.275428
428cte:-0.528246,etheta:-0.959808,cmd_vel.linear.x:0.64,cmd_vel.angular.z:-0.258184
429cte:-0.549253,etheta:-0.721461,cmd_vel.linear.x:0.64,cmd_vel.angular.z:-0.264453
430cte:-0.55051,etheta:-0.320225,cmd_vel.linear.x:0.64,cmd_vel.angular.z:-0.247999
431cte:-0.553743,etheta:-0.311407,cmd_vel.linear.x:0.8,cmd_vel.angular.z:-0.29066
432cte:-0.554208,etheta:-0.201212,cmd_vel.linear.x:0.8,cmd_vel.angular.z:-0.301292
433cte:-0.554463,etheta:-0.205142,cmd_vel.linear.x:0.8,cmd_vel.angular.z:-0.286529
434cte:-0.556206,etheta:-0.211761,cmd_vel.linear.x:0.8,cmd_vel.angular.z:-0.284943
435cte:-0.275062,etheta:-1.36389,cmd_vel.linear.x:0.8,cmd_vel.angular.z:-0.282761
436cte:-0.356027,etheta:-1.33556,cmd_vel.linear.x:0.64,cmd_vel.angular.z:-0.184425
437cte:-0.356027,etheta:-1.33556,cmd_vel.linear.x:0.64,cmd_vel.angular.z:-0.164595
438cte:-0.370611,etheta:-1.32891,cmd_vel.linear.x:0.64,cmd_vel.angular.z:-0.164595
439cte:-0.387749,etheta:-1.2813,cmd_vel.linear.x:0.64,cmd_vel.angular.z:-0.106704
440cte:-0.42735,etheta:-1.20326,cmd_vel.linear.x:0.64,cmd_vel.angular.z:-0.058529
441cte:-0.448178,etheta:-1.20341,cmd_vel.linear.x:0.64,cmd_vel.angular.z:0.208426
442cte:-0.483406,etheta:-1.08005,cmd_vel.linear.x:0.64,cmd_vel.angular.z:0.240688
443cte:-0.494857,etheta:-1.10814,cmd_vel.linear.x:0.64,cmd_vel.angular.z:0.198715
444cte:-0.511458,etheta:-1.10628,cmd_vel.linear.x:0.64,cmd_vel.angular.z:0.25353
445cte:-0.506883,etheta:-0.783952,cmd_vel.linear.x:0.64,cmd_vel.angular.z:0.292975
446cte:-0.499595,etheta:0.0252004,cmd_vel.linear.x:0.64,cmd_vel.angular.z:0.213634
447cte:-0.523444,etheta:0.587054,cmd_vel.linear.x:0.8,cmd_vel.angular.z:0.0170766
448cte:-0.512864,etheta:0.53347,cmd_vel.linear.x:0.8,cmd_vel.angular.z:-0.245147
449cte:-0.503232,etheta:0.480638,cmd_vel.linear.x:0.8,cmd_vel.angular.z:-0.268066
450cte:-0.500187,etheta:0.524286,cmd_vel.linear.x:0.8,cmd_vel.angular.z:-0.30191
451cte:-0.504121,etheta:0.464426,cmd_vel.linear.x:0.8,cmd_vel.angular.z:-0.392334
452cte:-0.513604,etheta:0.416491,cmd_vel.linear.x:0.8,cmd_vel.angular.z:-0.682271
453cte:-0.508329,etheta:0.379069,cmd_vel.linear.x:0.8,cmd_vel.angular.z:-0.823155
454cte:-0.510186,etheta:0.348478,cmd_vel.linear.x:0.8,cmd_vel.angular.z:-0.859709
455cte:-0.502944,etheta:0.305595,cmd_vel.linear.x:1,cmd_vel.angular.z:-1.27103
456cte:-0.510699,etheta:0.341928,cmd_vel.linear.x:1,cmd_vel.angular.z:-1.31481
457cte:-0.516914,etheta:0.293737,cmd_vel.linear.x:1,cmd_vel.angular.z:-1.04338
458cte:-0.506778,etheta:0.266115,cmd_vel.linear.x:1,cmd_vel.angular.z:-1.15786
459cte:-0.532156,etheta:0.278876,cmd_vel.linear.x:1,cmd_vel.angular.z:-1.14402
460cte:-0.517778,etheta:0.258047,cmd_vel.linear.x:1,cmd_vel.angular.z:-1.33407
461cte:-0.494751,etheta:0.307403,cmd_vel.linear.x:1,cmd_vel.angular.z:-0.823951
462cte:-0.5131,etheta:0.323276,cmd_vel.linear.x:1,cmd_vel.angular.z:-0.82531
463cte:-0.488173,etheta:0.290702,cmd_vel.linear.x:1,cmd_vel.angular.z:-0.818489
464cte:-0.455452,etheta:0.247929,cmd_vel.linear.x:1,cmd_vel.angular.z:-0.702495
465cte:-0.555073,etheta:-1.42577,cmd_vel.linear.x:1,cmd_vel.angular.z:-0.501771
466cte:-0.935988,etheta:-1.51067,cmd_vel.linear.x:0.8,cmd_vel.angular.z:-0.3967
467cte:-2.81175,etheta:-1.55329,cmd_vel.linear.x:0.8,cmd_vel.angular.z:-0.623578
468cte:-1.36393,etheta:-1.50285,cmd_vel.linear.x:0.8,cmd_vel.angular.z:-0.511103
469cte:-0.1631,etheta:1.34841,cmd_vel.linear.x:0.8,cmd_vel.angular.z:-0.438908
470cte:-0.0589802,etheta:1.38141,cmd_vel.linear.x:0.8,cmd_vel.angular.z:-0.386277
471cte:-0.25293,etheta:1.20749,cmd_vel.linear.x:0.8,cmd_vel.angular.z:-0.340919
472cte:-0.340785,etheta:1.09254,cmd_vel.linear.x:0.8,cmd_vel.angular.z:-0.261158
473cte:-0.223532,etheta:1.1597,cmd_vel.linear.x:0.8,cmd_vel.angular.z:-0.266204
474cte:-0.379618,etheta:0.791967,cmd_vel.linear.x:0.8,cmd_vel.angular.z:-0.117724
475cte:-0.342106,etheta:0.800813,cmd_vel.linear.x:0.8,cmd_vel.angular.z:-0.0753273
476cte:-0.34355,etheta:0.688382,cmd_vel.linear.x:0.8,cmd_vel.angular.z:0.0147698
477cte:-0.221199,etheta:0.778984,cmd_vel.linear.x:0.8,cmd_vel.angular.z:-0.0115444
478cte:-0.138285,etheta:0.676948,cmd_vel.linear.x:0.8,cmd_vel.angular.z:0.261392
479cte:-0.439572,etheta:0.370207,cmd_vel.linear.x:0.8,cmd_vel.angular.z:0.37285
480cte:-0.409176,etheta:0.229504,cmd_vel.linear.x:0.8,cmd_vel.angular.z:-0.188581
481cte:-0.423372,etheta:0.257525,cmd_vel.linear.x:0.8,cmd_vel.angular.z:-0.0926285
482cte:-0.409088,etheta:0.0833068,cmd_vel.linear.x:0.8,cmd_vel.angular.z:-0.220475
483cte:-0.409088,etheta:0.0833068,cmd_vel.linear.x:0.8,cmd_vel.angular.z:-0.240143
484cte:-0.407658,etheta:-0.0191225,cmd_vel.linear.x:0.8,cmd_vel.angular.z:-0.240143
485cte:-0.409152,etheta:-0.0909611,cmd_vel.linear.x:0.8,cmd_vel.angular.z:-0.294899
486cte:-0.411549,etheta:-0.133371,cmd_vel.linear.x:0.8,cmd_vel.angular.z:-0.35369
487cte:-0.416084,etheta:-0.201328,cmd_vel.linear.x:0.8,cmd_vel.angular.z:-2.61817
488cte:-0.421704,etheta:-0.242154,cmd_vel.linear.x:0.8,cmd_vel.angular.z:-2.73248
489cte:-0.426118,etheta:-0.281545,cmd_vel.linear.x:0.8,cmd_vel.angular.z:-2.83707
490cte:-0.434606,etheta:-0.329355,cmd_vel.linear.x:0.8,cmd_vel.angular.z:-2.91232
491cte:-0.436695,etheta:-0.386885,cmd_vel.linear.x:0.8,cmd_vel.angular.z:-3.02619
492cte:-0.436243,etheta:-0.48487,cmd_vel.linear.x:0.8,cmd_vel.angular.z:-3.01138
493cte:-0.433452,etheta:-0.561104,cmd_vel.linear.x:0.8,cmd_vel.angular.z:-2.9385
494cte:-0.508871,etheta:0.058128,cmd_vel.linear.x:0.8,cmd_vel.angular.z:-2.87009
495cte:-0.506539,etheta:-0.229818,cmd_vel.linear.x:0.8,cmd_vel.angular.z:-1.2665
496cte:-0.454057,etheta:-0.307472,cmd_vel.linear.x:0.8,cmd_vel.angular.z:-0.982607
497cte:-0.454057,etheta:-0.307472,cmd_vel.linear.x:0.8,cmd_vel.angular.z:-0.630477
498cte:-0.393885,etheta:-0.172252,cmd_vel.linear.x:0.8,cmd_vel.angular.z:-0.630477
499cte:-0.38594,etheta:-0.146044,cmd_vel.linear.x:0.8,cmd_vel.angular.z:-0.396311
500cte:-0.717503,etheta:0.122982,cmd_vel.linear.x:0.8,cmd_vel.angular.z:-0.363174
501cte:-1.43504,etheta:-0.280085,cmd_vel.linear.x:0.8,cmd_vel.angular.z:-2.86954
502cte:-1.0682,etheta:0.613082,cmd_vel.linear.x:0.8,cmd_vel.angular.z:-2.67521
503cte:-0.977917,etheta:0.835968,cmd_vel.linear.x:0.64,cmd_vel.angular.z:-2.05574
504cte:-0.901411,etheta:0.857598,cmd_vel.linear.x:0.64,cmd_vel.angular.z:-2.03669
505cte:-0.851778,etheta:0.803735,cmd_vel.linear.x:0.64,cmd_vel.angular.z:-1.98185
506cte:-0.756442,etheta:0.457624,cmd_vel.linear.x:0.64,cmd_vel.angular.z:-1.9512
507cte:-0.32674,etheta:-1.20073,cmd_vel.linear.x:0.8,cmd_vel.angular.z:-2.35887
508cte:-0.246125,etheta:-1.26019,cmd_vel.linear.x:0.64,cmd_vel.angular.z:-1.74106
509cte:-0.180958,etheta:-1.29306,cmd_vel.linear.x:0.64,cmd_vel.angular.z:-1.71038
510cte:-0.180958,etheta:-1.29306,cmd_vel.linear.x:0.64,cmd_vel.angular.z:-1.67438
511cte:-0.160918,etheta:-1.28832,cmd_vel.linear.x:0.64,cmd_vel.angular.z:-1.67438
512cte:-0.155,etheta:-1.27095,cmd_vel.linear.x:0.64,cmd_vel.angular.z:-1.6321
513cte:-0.137907,etheta:-1.22238,cmd_vel.linear.x:0.64,cmd_vel.angular.z:-1.60751
514cte:-0.120015,etheta:-1.17739,cmd_vel.linear.x:0.64,cmd_vel.angular.z:-3.27934
515cte:-0.062709,etheta:-1.04292,cmd_vel.linear.x:0.64,cmd_vel.angular.z:-3.23674
516cte:-0.0435275,etheta:-0.989693,cmd_vel.linear.x:0.64,cmd_vel.angular.z:-3.13052
517cte:0.00432908,etheta:-0.792369,cmd_vel.linear.x:0.64,cmd_vel.angular.z:-3.09492
518cte:0.0366229,etheta:-0.558495,cmd_vel.linear.x:0.64,cmd_vel.angular.z:-2.99833
519cte:0.061444,etheta:-0.253224,cmd_vel.linear.x:0.8,cmd_vel.angular.z:-3.63914
520cte:0.0677841,etheta:-0.0217083,cmd_vel.linear.x:0.8,cmd_vel.angular.z:-3.45083
521cte:0.0668783,etheta:0.0531222,cmd_vel.linear.x:0.8,cmd_vel.angular.z:-3.26222
522cte:0.0668783,etheta:0.0531222,cmd_vel.linear.x:0.8,cmd_vel.angular.z:-3.07088
523cte:0.0617739,etheta:0.161854,cmd_vel.linear.x:0.8,cmd_vel.angular.z:-3.07088
524cte:0.0537682,etheta:0.228761,cmd_vel.linear.x:0.6,cmd_vel.angular.z:-2.08906
525cte:0.0436458,etheta:0.314558,cmd_vel.linear.x:0.6,cmd_vel.angular.z:-1.85359
526cte:0.0315094,etheta:0.400868,cmd_vel.linear.x:0.6,cmd_vel.angular.z:-1.46416
527cte:0.0222562,etheta:0.447637,cmd_vel.linear.x:0.6,cmd_vel.angular.z:-1.11208
528cte:-0.0205421,etheta:0.563506,cmd_vel.linear.x:0.6,cmd_vel.angular.z:-0.935337
529cte:-0.0581969,etheta:0.601984,cmd_vel.linear.x:0.6,cmd_vel.angular.z:-0.411145
530cte:-0.126909,etheta:0.62678,cmd_vel.linear.x:0.48,cmd_vel.angular.z:0.0273441
531cte:-0.143663,etheta:0.624519,cmd_vel.linear.x:0.48,cmd_vel.angular.z:0.570691
532cte:-0.172538,etheta:0.614253,cmd_vel.linear.x:0.48,cmd_vel.angular.z:0.732307
533cte:-0.183032,etheta:0.609318,cmd_vel.linear.x:0.48,cmd_vel.angular.z:1.06611
534cte:-0.188281,etheta:0.606976,cmd_vel.linear.x:0.48,cmd_vel.angular.z:1.23975
535cte:-0.1957,etheta:0.608184,cmd_vel.linear.x:0.48,cmd_vel.angular.z:1.35381
536cte:-0.197074,etheta:0.617089,cmd_vel.linear.x:0.48,cmd_vel.angular.z:0.543934
537cte:-0.194234,etheta:0.627814,cmd_vel.linear.x:0.48,cmd_vel.angular.z:0.704365
538cte:-0.194234,etheta:0.627814,cmd_vel.linear.x:0.48,cmd_vel.angular.z:0.810026
539cte:-0.176999,etheta:0.643045,cmd_vel.linear.x:0.48,cmd_vel.angular.z:0.810026
540cte:-0.165581,etheta:0.647731,cmd_vel.linear.x:0.48,cmd_vel.angular.z:0.864227
541cte:-0.159463,etheta:0.649722,cmd_vel.linear.x:0.48,cmd_vel.angular.z:0.87574
542cte:-0.153596,etheta:0.650232,cmd_vel.linear.x:0.48,cmd_vel.angular.z:0.886974
543cte:-0.13948,etheta:0.646084,cmd_vel.linear.x:0.48,cmd_vel.angular.z:0.879276
544cte:-0.130147,etheta:0.640722,cmd_vel.linear.x:0.48,cmd_vel.angular.z:0.835201
545cte:-0.12444,etheta:0.636528,cmd_vel.linear.x:0.48,cmd_vel.angular.z:0.792491
546cte:-0.115981,etheta:0.629398,cmd_vel.linear.x:0.48,cmd_vel.angular.z:0.763143
547cte:-0.10609,etheta:0.622627,cmd_vel.linear.x:0.48,cmd_vel.angular.z:0.717991
548cte:-0.0975018,etheta:0.61514,cmd_vel.linear.x:0.48,cmd_vel.angular.z:0.683687
549cte:-0.0832587,etheta:0.603669,cmd_vel.linear.x:0.48,cmd_vel.angular.z:0.650492
550cte:-0.0832587,etheta:0.603669,cmd_vel.linear.x:0.48,cmd_vel.angular.z:0.615862
551cte:-0.0701669,etheta:0.589633,cmd_vel.linear.x:0.48,cmd_vel.angular.z:0.615862
552cte:-0.0636798,etheta:0.582598,cmd_vel.linear.x:0.6,cmd_vel.angular.z:0.720066
553cte:-0.0467478,etheta:0.559874,cmd_vel.linear.x:0.6,cmd_vel.angular.z:0.702906
554cte:-0.0414908,etheta:0.551914,cmd_vel.linear.x:0.6,cmd_vel.angular.z:0.646139
555cte:-0.0297064,etheta:0.53033,cmd_vel.linear.x:0.6,cmd_vel.angular.z:0.628879
556cte:-0.0131073,etheta:0.495233,cmd_vel.linear.x:0.6,cmd_vel.angular.z:0.574712
557cte:0.0138766,etheta:0.418978,cmd_vel.linear.x:0.6,cmd_vel.angular.z:0.501965
558cte:0.0192769,etheta:0.400233,cmd_vel.linear.x:0.6,cmd_vel.angular.z:0.362394
559cte:0.0323335,etheta:0.346966,cmd_vel.linear.x:0.6,cmd_vel.angular.z:0.333565
560cte:0.0380199,etheta:0.319919,cmd_vel.linear.x:0.6,cmd_vel.angular.z:0.25488
561cte:0.0487863,etheta:0.256806,cmd_vel.linear.x:0.6,cmd_vel.angular.z:0.220595
562cte:0.0565164,etheta:0.198603,cmd_vel.linear.x:0.6,cmd_vel.angular.z:0.14212
563cte:0.0611803,etheta:0.152246,cmd_vel.linear.x:0.6,cmd_vel.angular.z:0.0779914
564cte:0.0646784,etheta:0.110731,cmd_vel.linear.x:0.6,cmd_vel.angular.z:0.024655
565cte:0.0646784,etheta:0.110731,cmd_vel.linear.x:0.6,cmd_vel.angular.z:-1.5905
566cte:0.0702675,etheta:0.00264504,cmd_vel.linear.x:0.6,cmd_vel.angular.z:-1.5905
567cte:0.0707329,etheta:-0.0162312,cmd_vel.linear.x:0.6,cmd_vel.angular.z:-1.74868
568cte:0.0713225,etheta:-0.0801321,cmd_vel.linear.x:0.6,cmd_vel.angular.z:-1.77607
569cte:0.0697067,etheta:-0.121923,cmd_vel.linear.x:0.6,cmd_vel.angular.z:-1.86927
570cte:0.0668493,etheta:-0.15386,cmd_vel.linear.x:0.6,cmd_vel.angular.z:-1.93107
571cte:0.0613313,etheta:-0.163414,cmd_vel.linear.x:0.6,cmd_vel.angular.z:-1.9822
572cte:0.0586088,etheta:-0.134369,cmd_vel.linear.x:0.6,cmd_vel.angular.z:-2.0058
573cte:0.0537969,etheta:-0.0616522,cmd_vel.linear.x:0.6,cmd_vel.angular.z:-1.96669
574cte:0.0536679,etheta:-0.0591472,cmd_vel.linear.x:0.6,cmd_vel.angular.z:-1.86586
575cte:0.0483313,etheta:0.0433098,cmd_vel.linear.x:0.6,cmd_vel.angular.z:-1.86227
576cte:0.0444837,etheta:0.130302,cmd_vel.linear.x:0.6,cmd_vel.angular.z:-1.79703
577cte:0.0402723,etheta:0.214704,cmd_vel.linear.x:0.6,cmd_vel.angular.z:-1.66268
578cte:0.0361708,etheta:0.293695,cmd_vel.linear.x:0.6,cmd_vel.angular.z:-1.52529
579cte:0.0308022,etheta:0.386048,cmd_vel.linear.x:0.6,cmd_vel.angular.z:-1.3859
580cte:0.0308022,etheta:0.386048,cmd_vel.linear.x:0.6,cmd_vel.angular.z:-1.20826
581cte:0.0267052,etheta:0.448693,cmd_vel.linear.x:0.6,cmd_vel.angular.z:-1.20826
582cte:0.022873,etheta:0.512366,cmd_vel.linear.x:0.6,cmd_vel.angular.z:-1.0765
583cte:0.0179895,etheta:0.577124,cmd_vel.linear.x:0.6,cmd_vel.angular.z:-0.927955
584cte:0.0152302,etheta:0.627231,cmd_vel.linear.x:0.6,cmd_vel.angular.z:-0.764192
585cte:0.00700608,etheta:0.720062,cmd_vel.linear.x:0.48,cmd_vel.angular.z:-0.493359
586cte:0.00399682,etheta:0.758368,cmd_vel.linear.x:0.48,cmd_vel.angular.z:-0.245031
587cte:0.00208199,etheta:0.777499,cmd_vel.linear.x:0.48,cmd_vel.angular.z:-0.111592
588cte:-0.00151466,etheta:0.801896,cmd_vel.linear.x:0.48,cmd_vel.angular.z:-0.0328439
589cte:-0.00178949,etheta:0.810832,cmd_vel.linear.x:0.48,cmd_vel.angular.z:0.087777
590cte:-0.00152136,etheta:0.811388,cmd_vel.linear.x:0.48,cmd_vel.angular.z:0.193218
591cte:-0.00152136,etheta:0.811388,cmd_vel.linear.x:0.48,cmd_vel.angular.z:0.161502
592cte:0.00419101,etheta:0.79661,cmd_vel.linear.x:0.48,cmd_vel.angular.z:0.161502
593cte:0.00768068,etheta:0.77374,cmd_vel.linear.x:0.48,cmd_vel.angular.z:0.218439
594cte:0.0067776,etheta:0.774159,cmd_vel.linear.x:0.48,cmd_vel.angular.z:0.304308
595cte:0.0167561,etheta:0.716859,cmd_vel.linear.x:0.48,cmd_vel.angular.z:0.316194
596cte:0.0216544,etheta:0.690709,cmd_vel.linear.x:0.48,cmd_vel.angular.z:0.386145
597cte:0.0391685,etheta:0.593145,cmd_vel.linear.x:0.48,cmd_vel.angular.z:0.403565
598cte:0.0453537,etheta:0.538115,cmd_vel.linear.x:0.6,cmd_vel.angular.z:0.554247
599cte:0.0482858,etheta:0.509904,cmd_vel.linear.x:0.6,cmd_vel.angular.z:0.575741
600cte:0.0556531,etheta:0.41845,cmd_vel.linear.x:0.6,cmd_vel.angular.z:0.596601
601cte:0.0556531,etheta:0.41845,cmd_vel.linear.x:0.6,cmd_vel.angular.z:0.621325
602cte:0.058337,etheta:0.379563,cmd_vel.linear.x:0.6,cmd_vel.angular.z:0.621325
603cte:0.0597064,etheta:0.355624,cmd_vel.linear.x:0.6,cmd_vel.angular.z:0.635526
604cte:0.0653983,etheta:0.248838,cmd_vel.linear.x:0,cmd_vel.angular.z:0.5
605cte:0.0783073,etheta:-0.010389,cmd_vel.linear.x:0,cmd_vel.angular.z:0.5
606cte:0.0810752,etheta:-0.107761,cmd_vel.linear.x:0,cmd_vel.angular.z:0.5
607cte:0.0841003,etheta:-0.390669,cmd_vel.linear.x:0,cmd_vel.angular.z:0.5
608cte:0.0817962,etheta:-0.531439,cmd_vel.linear.x:0,cmd_vel.angular.z:0.5
609cte:0.0727186,etheta:-0.719676,cmd_vel.linear.x:0,cmd_vel.angular.z:0.5
610cte:0.064143,etheta:-0.801372,cmd_vel.linear.x:0,cmd_vel.angular.z:0.4
611cte:0.0499261,etheta:-0.886711,cmd_vel.linear.x:0,cmd_vel.angular.z:0.4
612cte:0.037394,etheta:-0.941304,cmd_vel.linear.x:0,cmd_vel.angular.z:0.4
613cte:0.020141,etheta:-0.9916,cmd_vel.linear.x:0,cmd_vel.angular.z:0.4
614cte:0.020141,etheta:-0.9916,cmd_vel.linear.x:0,cmd_vel.angular.z:0.4
615cte:0.0159769,etheta:-1.00176,cmd_vel.linear.x:0,cmd_vel.angular.z:0.4
616cte:-0.00766033,etheta:-1.04885,cmd_vel.linear.x:0,cmd_vel.angular.z:0.4
617cte:-0.0185625,etheta:-1.0648,cmd_vel.linear.x:0,cmd_vel.angular.z:0.4
618cte:-0.0283159,etheta:-1.0771,cmd_vel.linear.x:0,cmd_vel.angular.z:0.4
619cte:-0.0392943,etheta:-1.08879,cmd_vel.linear.x:0,cmd_vel.angular.z:0.4
620cte:-0.0546189,etheta:-1.10289,cmd_vel.linear.x:0,cmd_vel.angular.z:0.4
621cte:-0.0641887,etheta:-1.11054,cmd_vel.linear.x:0,cmd_vel.angular.z:0.4
622cte:-0.0738726,etheta:-1.11783,cmd_vel.linear.x:0,cmd_vel.angular.z:0.4
623cte:-0.0774159,etheta:-1.12086,cmd_vel.linear.x:0,cmd_vel.angular.z:0.4
624cte:-0.0875976,etheta:-1.1293,cmd_vel.linear.x:0,cmd_vel.angular.z:0.4
625cte:-0.093336,etheta:-1.13388,cmd_vel.linear.x:0,cmd_vel.angular.z:0.4
626cte:-0.093336,etheta:-1.13388,cmd_vel.linear.x:0,cmd_vel.angular.z:0.4
627cte:-0.0923437,etheta:-1.13312,cmd_vel.linear.x:0,cmd_vel.angular.z:0.4
628cte:-0.0934178,etheta:-1.13392,cmd_vel.linear.x:0,cmd_vel.angular.z:0.4
629cte:-0.0940683,etheta:-1.13444,cmd_vel.linear.x:0,cmd_vel.angular.z:0.4
630cte:-0.09408,etheta:-1.13443,cmd_vel.linear.x:0,cmd_vel.angular.z:0.4
631cte:-0.0937192,etheta:-1.13413,cmd_vel.linear.x:0,cmd_vel.angular.z:0.4
632cte:-0.0941946,etheta:-1.13393,cmd_vel.linear.x:0,cmd_vel.angular.z:0.4
633cte:-0.0939868,etheta:-1.13344,cmd_vel.linear.x:0,cmd_vel.angular.z:0.4
634cte:-0.0916824,etheta:-1.13084,cmd_vel.linear.x:0,cmd_vel.angular.z:0.4
635cte:-0.089645,etheta:-1.12831,cmd_vel.linear.x:0,cmd_vel.angular.z:0.4
636cte:-0.0887673,etheta:-1.12643,cmd_vel.linear.x:0,cmd_vel.angular.z:0.4
637cte:-0.0866714,etheta:-1.12372,cmd_vel.linear.x:0,cmd_vel.angular.z:0.4
638cte:-0.0865164,etheta:-1.12353,cmd_vel.linear.x:0,cmd_vel.angular.z:0.4
639cte:-0.0852938,etheta:-1.12144,cmd_vel.linear.x:0,cmd_vel.angular.z:0.4
640cte:-0.0832831,etheta:-1.11831,cmd_vel.linear.x:0,cmd_vel.angular.z:0.4
641cte:-0.0832831,etheta:-1.11831,cmd_vel.linear.x:0,cmd_vel.angular.z:0.4
642cte:-0.0818627,etheta:-1.11619,cmd_vel.linear.x:0,cmd_vel.angular.z:0.4
643cte:-0.0806638,etheta:-1.11369,cmd_vel.linear.x:0,cmd_vel.angular.z:0.4
644cte:-0.078636,etheta:-1.10972,cmd_vel.linear.x:0,cmd_vel.angular.z:0.4
645cte:-0.0778873,etheta:-1.10842,cmd_vel.linear.x:0,cmd_vel.angular.z:0.4
646cte:-0.076656,etheta:-1.10609,cmd_vel.linear.x:0,cmd_vel.angular.z:0.4
647cte:-0.0759996,etheta:-1.10553,cmd_vel.linear.x:0,cmd_vel.angular.z:0.4
648cte:-0.0746965,etheta:-1.10481,cmd_vel.linear.x:0,cmd_vel.angular.z:0.4
649cte:-0.073378,etheta:-1.1037,cmd_vel.linear.x:0,cmd_vel.angular.z:0.4
650cte:-0.0734485,etheta:-1.10383,cmd_vel.linear.x:0,cmd_vel.angular.z:0.4
651cte:-0.073054,etheta:-1.10351,cmd_vel.linear.x:0,cmd_vel.angular.z:0.4
652cte:-0.073054,etheta:-1.10351,cmd_vel.linear.x:0,cmd_vel.angular.z:0.4
653cte:-0.0721816,etheta:-1.10287,cmd_vel.linear.x:0,cmd_vel.angular.z:0.4
654cte:-0.0733716,etheta:-1.10377,cmd_vel.linear.x:0,cmd_vel.angular.z:0.4
655cte:-0.0733575,etheta:-1.10375,cmd_vel.linear.x:0,cmd_vel.angular.z:0.4
656cte:-0.0733574,etheta:-1.10376,cmd_vel.linear.x:0,cmd_vel.angular.z:0.4
657cte:-0.0731874,etheta:-1.10365,cmd_vel.linear.x:0,cmd_vel.angular.z:0.4
658cte:-0.0737048,etheta:-1.10406,cmd_vel.linear.x:0,cmd_vel.angular.z:0.4
659cte:-0.0736914,etheta:-1.10402,cmd_vel.linear.x:0,cmd_vel.angular.z:0.4
660cte:-0.0735298,etheta:-1.10392,cmd_vel.linear.x:0,cmd_vel.angular.z:0.4
661cte:-0.0738523,etheta:-1.10415,cmd_vel.linear.x:0,cmd_vel.angular.z:0.4
662cte:-0.0737034,etheta:-1.10405,cmd_vel.linear.x:0,cmd_vel.angular.z:0.4
663cte:-0.0736444,etheta:-1.104,cmd_vel.linear.x:0,cmd_vel.angular.z:0.4
664cte:-0.0735472,etheta:-1.10393,cmd_vel.linear.x:0,cmd_vel.angular.z:0.4
665cte:-0.0731966,etheta:-1.1037,cmd_vel.linear.x:0,cmd_vel.angular.z:0.4
666cte:-0.0730788,etheta:-1.1036,cmd_vel.linear.x:0,cmd_vel.angular.z:0.4
667cte:-0.0730788,etheta:-1.1036,cmd_vel.linear.x:0,cmd_vel.angular.z:0.4
668cte:-0.0730407,etheta:-1.10359,cmd_vel.linear.x:0,cmd_vel.angular.z:0.4
669cte:-0.0729501,etheta:-1.10352,cmd_vel.linear.x:0,cmd_vel.angular.z:0.4
670cte:-0.0729103,etheta:-1.1035,cmd_vel.linear.x:0,cmd_vel.angular.z:0.4
671cte:-0.0726824,etheta:-1.10332,cmd_vel.linear.x:0,cmd_vel.angular.z:0.4
672cte:-0.0728018,etheta:-1.10342,cmd_vel.linear.x:0,cmd_vel.angular.z:0.4
673cte:-0.0728555,etheta:-1.10347,cmd_vel.linear.x:0,cmd_vel.angular.z:0.4
674cte:-0.0727419,etheta:-1.10338,cmd_vel.linear.x:0,cmd_vel.angular.z:0.4
675cte:-0.0724292,etheta:-1.10316,cmd_vel.linear.x:0,cmd_vel.angular.z:0.4
676cte:-0.0724264,etheta:-1.10315,cmd_vel.linear.x:0,cmd_vel.angular.z:0.4
677cte:-0.0725453,etheta:-1.10325,cmd_vel.linear.x:0,cmd_vel.angular.z:0.4
678cte:-0.0724011,etheta:-1.10312,cmd_vel.linear.x:0,cmd_vel.angular.z:0.4
679cte:-0.0724011,etheta:-1.10312,cmd_vel.linear.x:0,cmd_vel.angular.z:0.4
680cte:-0.0727421,etheta:-1.10341,cmd_vel.linear.x:0,cmd_vel.angular.z:0.4
681cte:-0.0727625,etheta:-1.10342,cmd_vel.linear.x:0,cmd_vel.angular.z:0.4
682cte:-0.0726535,etheta:-1.10336,cmd_vel.linear.x:0,cmd_vel.angular.z:0.4
683cte:-0.0723488,etheta:-1.10313,cmd_vel.linear.x:0,cmd_vel.angular.z:0.4
684cte:-0.0719184,etheta:-1.10282,cmd_vel.linear.x:0,cmd_vel.angular.z:0.4
685cte:-0.0730295,etheta:-1.10367,cmd_vel.linear.x:0,cmd_vel.angular.z:0.4
686cte:-0.0734029,etheta:-1.10393,cmd_vel.linear.x:0,cmd_vel.angular.z:0.4
687cte:-0.0735331,etheta:-1.10404,cmd_vel.linear.x:0,cmd_vel.angular.z:0.4
688cte:-0.0734566,etheta:-1.10398,cmd_vel.linear.x:0,cmd_vel.angular.z:0.4
689cte:-0.0732772,etheta:-1.10385,cmd_vel.linear.x:0,cmd_vel.angular.z:0.4
690cte:-0.0735536,etheta:-1.10406,cmd_vel.linear.x:0,cmd_vel.angular.z:0.4
691cte:-0.073541,etheta:-1.10404,cmd_vel.linear.x:0,cmd_vel.angular.z:0.4
692cte:-0.0738336,etheta:-1.10428,cmd_vel.linear.x:0,cmd_vel.angular.z:0.4
693cte:-0.0738336,etheta:-1.10428,cmd_vel.linear.x:0,cmd_vel.angular.z:0.4
694cte:-0.0738727,etheta:-1.10431,cmd_vel.linear.x:0,cmd_vel.angular.z:0.4
695cte:-0.0738683,etheta:-1.10432,cmd_vel.linear.x:0,cmd_vel.angular.z:0.4
696cte:-0.0737403,etheta:-1.10421,cmd_vel.linear.x:0,cmd_vel.angular.z:0.4
697cte:-0.0737783,etheta:-1.10426,cmd_vel.linear.x:0,cmd_vel.angular.z:0.4
698cte:-0.0732654,etheta:-1.10387,cmd_vel.linear.x:0,cmd_vel.angular.z:0.4
699cte:-0.0738551,etheta:-1.10431,cmd_vel.linear.x:0,cmd_vel.angular.z:0.4
700cte:-0.0737538,etheta:-1.10424,cmd_vel.linear.x:0,cmd_vel.angular.z:0.4
701cte:-0.0735842,etheta:-1.1041,cmd_vel.linear.x:0,cmd_vel.angular.z:0.4
702cte:-0.0733121,etheta:-1.10391,cmd_vel.linear.x:0,cmd_vel.angular.z:0.4
703cte:-0.0737905,etheta:-1.10425,cmd_vel.linear.x:0,cmd_vel.angular.z:0.4
704cte:-0.0737557,etheta:-1.10425,cmd_vel.linear.x:0,cmd_vel.angular.z:0.4
705cte:-0.0736018,etheta:-1.10411,cmd_vel.linear.x:0,cmd_vel.angular.z:0.4
706cte:-0.0730088,etheta:-1.10366,cmd_vel.linear.x:0,cmd_vel.angular.z:0.4
707cte:-0.0730088,etheta:-1.10366,cmd_vel.linear.x:0,cmd_vel.angular.z:0.4
708cte:-0.0725819,etheta:-1.10333,cmd_vel.linear.x:0,cmd_vel.angular.z:0.4
709cte:-0.0729862,etheta:-1.10367,cmd_vel.linear.x:0,cmd_vel.angular.z:0.4
710cte:-0.0729014,etheta:-1.10361,cmd_vel.linear.x:0,cmd_vel.angular.z:0.4
711cte:-0.0730878,etheta:-1.10374,cmd_vel.linear.x:0,cmd_vel.angular.z:0.4
712cte:-0.0732233,etheta:-1.10384,cmd_vel.linear.x:0,cmd_vel.angular.z:0.4
713cte:-0.0731388,etheta:-1.10379,cmd_vel.linear.x:0,cmd_vel.angular.z:0.4
714cte:-0.0732708,etheta:-1.10389,cmd_vel.linear.x:0,cmd_vel.angular.z:0.4
715cte:-0.0731898,etheta:-1.10383,cmd_vel.linear.x:0,cmd_vel.angular.z:0.4
716cte:-0.0732501,etheta:-1.10387,cmd_vel.linear.x:0,cmd_vel.angular.z:0.4
717cte:-0.073106,etheta:-1.10378,cmd_vel.linear.x:0,cmd_vel.angular.z:0.4
718cte:-0.0731936,etheta:-1.10384,cmd_vel.linear.x:0,cmd_vel.angular.z:0.4
719cte:-0.0730146,etheta:-1.10372,cmd_vel.linear.x:0,cmd_vel.angular.z:0.4
720cte:-0.0732563,etheta:-1.10389,cmd_vel.linear.x:0,cmd_vel.angular.z:0.4
721cte:-0.0732563,etheta:-1.10389,cmd_vel.linear.x:0,cmd_vel.angular.z:0.4
722cte:-0.0733208,etheta:-1.10396,cmd_vel.linear.x:0,cmd_vel.angular.z:0.4
723cte:-0.0732865,etheta:-1.10391,cmd_vel.linear.x:0,cmd_vel.angular.z:0.4
724cte:-0.0732999,etheta:-1.10395,cmd_vel.linear.x:0,cmd_vel.angular.z:0.4
725cte:-0.0732284,etheta:-1.10388,cmd_vel.linear.x:0,cmd_vel.angular.z:0.4
726cte:-0.0733542,etheta:-1.10397,cmd_vel.linear.x:0,cmd_vel.angular.z:0.4
727cte:-0.0734612,etheta:-1.10407,cmd_vel.linear.x:0,cmd_vel.angular.z:0.4
728cte:-0.0734437,etheta:-1.10403,cmd_vel.linear.x:0,cmd_vel.angular.z:0.4
729cte:-0.0734127,etheta:-1.10401,cmd_vel.linear.x:0,cmd_vel.angular.z:0.4
730cte:-0.0741063,etheta:-1.10456,cmd_vel.linear.x:0,cmd_vel.angular.z:0.4
731cte:-0.0743242,etheta:-1.10474,cmd_vel.linear.x:0,cmd_vel.angular.z:0.4
732cte:-0.0742087,etheta:-1.10465,cmd_vel.linear.x:0,cmd_vel.angular.z:0.4
733cte:-0.0741686,etheta:-1.10462,cmd_vel.linear.x:0.56,cmd_vel.angular.z:0.802813
734cte:-0.0741686,etheta:-1.10462,cmd_vel.linear.x:0.56,cmd_vel.angular.z:0.803053
735cte:-0.0736351,etheta:-1.10424,cmd_vel.linear.x:0.56,cmd_vel.angular.z:0.803053
736cte:-0.0732757,etheta:-1.10398,cmd_vel.linear.x:0.56,cmd_vel.angular.z:0.805018
737cte:-0.0734808,etheta:-1.10416,cmd_vel.linear.x:0.56,cmd_vel.angular.z:0.806778
738cte:-0.0734607,etheta:-1.10414,cmd_vel.linear.x:0.56,cmd_vel.angular.z:0.804886
739cte:-0.0734261,etheta:-1.1041,cmd_vel.linear.x:0.56,cmd_vel.angular.z:0.805357
740cte:-0.0732717,etheta:-1.10399,cmd_vel.linear.x:0.56,cmd_vel.angular.z:0.805824
741cte:-0.0731344,etheta:-1.10387,cmd_vel.linear.x:0.56,cmd_vel.angular.z:0.806495
742cte:0.0202114,etheta:1.34102,cmd_vel.linear.x:0.56,cmd_vel.angular.z:0.807762
743cte:-0.163684,etheta:1.41034,cmd_vel.linear.x:0.56,cmd_vel.angular.z:3.39583
744cte:-0.163825,etheta:1.41012,cmd_vel.linear.x:0.56,cmd_vel.angular.z:3.43642
745cte:-0.163143,etheta:1.41004,cmd_vel.linear.x:0.56,cmd_vel.angular.z:3.43438
746cte:-0.165327,etheta:1.40992,cmd_vel.linear.x:0.56,cmd_vel.angular.z:3.4344
747cte:-0.148894,etheta:1.40446,cmd_vel.linear.x:0.56,cmd_vel.angular.z:3.4267
748cte:-0.121126,etheta:1.39211,cmd_vel.linear.x:0.56,cmd_vel.angular.z:3.39304
749cte:-0.0781077,etheta:1.37261,cmd_vel.linear.x:0.56,cmd_vel.angular.z:3.3327
750cte:-0.0371872,etheta:1.33738,cmd_vel.linear.x:0.56,cmd_vel.angular.z:3.27178
751cte:0.0466954,etheta:1.0618,cmd_vel.linear.x:0.56,cmd_vel.angular.z:3.17738
752cte:0.0703004,etheta:-0.81354,cmd_vel.linear.x:0.56,cmd_vel.angular.z:2.84331
753cte:0.0757082,etheta:0.857764,cmd_vel.linear.x:0.56,cmd_vel.angular.z:2.53206
754cte:0.0778625,etheta:-0.321794,cmd_vel.linear.x:0.56,cmd_vel.angular.z:2.38922
755cte:-0.0587839,etheta:-1.10632,cmd_vel.linear.x:0.7,cmd_vel.angular.z:2.64388
756cte:-0.20875,etheta:-1.29167,cmd_vel.linear.x:0.56,cmd_vel.angular.z:1.72567
757cte:-0.535314,etheta:-1.34207,cmd_vel.linear.x:0.56,cmd_vel.angular.z:1.32102
758cte:-0.625218,etheta:-1.33208,cmd_vel.linear.x:0.56,cmd_vel.angular.z:1.00841
759cte:-0.625218,etheta:-1.33208,cmd_vel.linear.x:0.56,cmd_vel.angular.z:0.891317
760cte:-0.763511,etheta:1.12199,cmd_vel.linear.x:0.56,cmd_vel.angular.z:0.891317
761cte:-0.71754,etheta:0.845388,cmd_vel.linear.x:0.56,cmd_vel.angular.z:0.454681
762cte:-0.763917,etheta:0.55447,cmd_vel.linear.x:0.56,cmd_vel.angular.z:0.218754
763cte:-0.826126,etheta:0.441483,cmd_vel.linear.x:0.7,cmd_vel.angular.z:-0.0814536
764cte:-0.941001,etheta:0.683546,cmd_vel.linear.x:0.7,cmd_vel.angular.z:-0.395982
765cte:-0.952659,etheta:0.641708,cmd_vel.linear.x:0.56,cmd_vel.angular.z:-0.745839
766cte:-1.04016,etheta:0.581035,cmd_vel.linear.x:0.56,cmd_vel.angular.z:-1.09823
767cte:-1.07769,etheta:0.604338,cmd_vel.linear.x:0.7,cmd_vel.angular.z:-1.39292
768cte:-1.07038,etheta:0.592895,cmd_vel.linear.x:0.56,cmd_vel.angular.z:-1.31219
769cte:-1.07017,etheta:0.603344,cmd_vel.linear.x:0.7,cmd_vel.angular.z:-1.72984
770cte:-1.0516,etheta:0.585507,cmd_vel.linear.x:0.56,cmd_vel.angular.z:-1.47554
771cte:-1.03058,etheta:0.570999,cmd_vel.linear.x:0.7,cmd_vel.angular.z:-1.90827
772cte:-1.05584,etheta:0.590676,cmd_vel.linear.x:0.7,cmd_vel.angular.z:-1.91687
773cte:-1.08183,etheta:0.613813,cmd_vel.linear.x:0.7,cmd_vel.angular.z:-1.81451
774cte:-1.05598,etheta:0.609853,cmd_vel.linear.x:0.56,cmd_vel.angular.z:-1.50272
775cte:-1.02736,etheta:0.623309,cmd_vel.linear.x:0.56,cmd_vel.angular.z:-1.47711
776cte:-1.06346,etheta:0.648732,cmd_vel.linear.x:0.56,cmd_vel.angular.z:-1.46188
777cte:-1.01738,etheta:0.689818,cmd_vel.linear.x:0.56,cmd_vel.angular.z:-1.3055
778cte:-0.964862,etheta:0.781021,cmd_vel.linear.x:0.56,cmd_vel.angular.z:-1.21913
779cte:-0.9424,etheta:0.832821,cmd_vel.linear.x:0.56,cmd_vel.angular.z:-1.09565
780cte:-0.938682,etheta:0.83068,cmd_vel.linear.x:0.56,cmd_vel.angular.z:-0.95957
781cte:-0.962933,etheta:0.88366,cmd_vel.linear.x:0.56,cmd_vel.angular.z:-0.883509
782cte:-0.972679,etheta:0.864251,cmd_vel.linear.x:0.56,cmd_vel.angular.z:-0.918507
783cte:-0.981867,etheta:0.851885,cmd_vel.linear.x:0.56,cmd_vel.angular.z:-0.822787
784cte:-0.976813,etheta:0.78938,cmd_vel.linear.x:0.56,cmd_vel.angular.z:-0.741228
785cte:-0.969259,etheta:0.748246,cmd_vel.linear.x:0.56,cmd_vel.angular.z:-0.646809
786cte:-0.990643,etheta:0.787094,cmd_vel.linear.x:0.56,cmd_vel.angular.z:-0.593969
787cte:-1.00726,etheta:0.79894,cmd_vel.linear.x:0.56,cmd_vel.angular.z:-0.646878
788cte:-1.02861,etheta:0.832601,cmd_vel.linear.x:0.56,cmd_vel.angular.z:-0.643697
789cte:-1.01009,etheta:0.776199,cmd_vel.linear.x:0.56,cmd_vel.angular.z:-0.651983
790cte:-1.03332,etheta:0.802274,cmd_vel.linear.x:0.56,cmd_vel.angular.z:-0.585739
791cte:-0.981649,etheta:0.704131,cmd_vel.linear.x:0.56,cmd_vel.angular.z:-0.508322
792cte:-0.943127,etheta:0.667848,cmd_vel.linear.x:0.56,cmd_vel.angular.z:-0.393629
793cte:-0.953175,etheta:0.687677,cmd_vel.linear.x:0.56,cmd_vel.angular.z:-0.363651
794cte:-0.987714,etheta:0.734685,cmd_vel.linear.x:0.56,cmd_vel.angular.z:-0.372183
795cte:-0.972593,etheta:0.716802,cmd_vel.linear.x:0.56,cmd_vel.angular.z:-0.429777
796cte:-0.945203,etheta:0.681534,cmd_vel.linear.x:0.56,cmd_vel.angular.z:-0.485559
797cte:-0.927843,etheta:0.656492,cmd_vel.linear.x:0.56,cmd_vel.angular.z:-0.461831
798cte:-0.665833,etheta:1.28916,cmd_vel.linear.x:0.56,cmd_vel.angular.z:-0.456722
799cte:-0.665833,etheta:1.28916,cmd_vel.linear.x:0.56,cmd_vel.angular.z:-0.793717
800cte:-0.59681,etheta:1.25114,cmd_vel.linear.x:0.56,cmd_vel.angular.z:-0.793717
801cte:-0.559351,etheta:1.23697,cmd_vel.linear.x:0.56,cmd_vel.angular.z:-0.822801
802cte:-0.516067,etheta:1.22002,cmd_vel.linear.x:0.56,cmd_vel.angular.z:-0.837979
803cte:-0.487529,etheta:1.22162,cmd_vel.linear.x:0.56,cmd_vel.angular.z:-0.855295
804cte:-0.637165,etheta:1.10064,cmd_vel.linear.x:0.56,cmd_vel.angular.z:-0.855586
805cte:-0.574886,etheta:1.11285,cmd_vel.linear.x:0.56,cmd_vel.angular.z:-1.06009
806cte:-0.583703,etheta:1.00298,cmd_vel.linear.x:0.56,cmd_vel.angular.z:-1.06789
807cte:-0.496708,etheta:1.02644,cmd_vel.linear.x:0.56,cmd_vel.angular.z:-1.08181
808cte:-0.506457,etheta:1.01628,cmd_vel.linear.x:0.56,cmd_vel.angular.z:-1.08856
809cte:-0.444613,etheta:1.05293,cmd_vel.linear.x:0.56,cmd_vel.angular.z:-1.11429
810cte:-0.483558,etheta:1.00507,cmd_vel.linear.x:0.56,cmd_vel.angular.z:-1.11251
811cte:-0.582684,etheta:0.888101,cmd_vel.linear.x:0.56,cmd_vel.angular.z:-1.29882
812cte:-0.534191,etheta:0.927691,cmd_vel.linear.x:0.56,cmd_vel.angular.z:-1.32197
813cte:-0.559822,etheta:0.945368,cmd_vel.linear.x:0.56,cmd_vel.angular.z:-1.31916
814cte:-0.530847,etheta:0.974145,cmd_vel.linear.x:0.56,cmd_vel.angular.z:-1.29455
815cte:-0.661113,etheta:0.939202,cmd_vel.linear.x:0.56,cmd_vel.angular.z:-1.29106
816cte:-0.620715,etheta:1.00666,cmd_vel.linear.x:0.56,cmd_vel.angular.z:-1.37442
817cte:-0.608636,etheta:1.08637,cmd_vel.linear.x:0.56,cmd_vel.angular.z:-1.35962
818cte:-0.57953,etheta:1.13665,cmd_vel.linear.x:0.56,cmd_vel.angular.z:-1.36467
819cte:-0.579593,etheta:1.27472,cmd_vel.linear.x:0.56,cmd_vel.angular.z:-1.3518
820cte:-0.620939,etheta:1.3686,cmd_vel.linear.x:0.56,cmd_vel.angular.z:-1.33591
821cte:-0.603395,etheta:1.406,cmd_vel.linear.x:0.56,cmd_vel.angular.z:-1.31259
822cte:-0.905386,etheta:1.38838,cmd_vel.linear.x:0.56,cmd_vel.angular.z:-1.22444
823cte:-1.00817,etheta:1.32876,cmd_vel.linear.x:0.56,cmd_vel.angular.z:-1.21407
824cte:-1.20023,etheta:-1.29194,cmd_vel.linear.x:0.56,cmd_vel.angular.z:-1.18591
825cte:-1.14084,etheta:-1.05733,cmd_vel.linear.x:0.56,cmd_vel.angular.z:-1.15311
826cte:-1.16201,etheta:0.92029,cmd_vel.linear.x:0.56,cmd_vel.angular.z:-1.135
827cte:-1.14335,etheta:-1.08892,cmd_vel.linear.x:0.56,cmd_vel.angular.z:-1.21961
828cte:-1.16929,etheta:0.0685269,cmd_vel.linear.x:0.56,cmd_vel.angular.z:-1.2068
829cte:-1.17897,etheta:-0.48959,cmd_vel.linear.x:0.7,cmd_vel.angular.z:-1.45237
830cte:-1.02604,etheta:-1.40172,cmd_vel.linear.x:0.7,cmd_vel.angular.z:-1.34048
831cte:-0.530847,etheta:-1.47885,cmd_vel.linear.x:0.56,cmd_vel.angular.z:-1.04042
832cte:-0.472142,etheta:-1.48025,cmd_vel.linear.x:0.56,cmd_vel.angular.z:-0.785214
833cte:-0.423101,etheta:-1.4703,cmd_vel.linear.x:0.56,cmd_vel.angular.z:-0.737606
834cte:-0.474371,etheta:-1.45207,cmd_vel.linear.x:0.56,cmd_vel.angular.z:-0.862253
835cte:-0.498233,etheta:-1.43098,cmd_vel.linear.x:0.56,cmd_vel.angular.z:-0.778535
836cte:-0.396843,etheta:-1.43537,cmd_vel.linear.x:0.56,cmd_vel.angular.z:-0.704334
837cte:-0.386913,etheta:-1.40467,cmd_vel.linear.x:0.56,cmd_vel.angular.z:-0.660437
838cte:-0.278736,etheta:-1.43218,cmd_vel.linear.x:0.56,cmd_vel.angular.z:-0.59119
839cte:-0.216868,etheta:-1.43258,cmd_vel.linear.x:0.56,cmd_vel.angular.z:-0.302741
840cte:-0.127184,etheta:-1.42512,cmd_vel.linear.x:0.56,cmd_vel.angular.z:-0.475282
841cte:-0.0327447,etheta:-1.40325,cmd_vel.linear.x:0.56,cmd_vel.angular.z:-0.315664
842cte:-0.0273075,etheta:-0.954578,cmd_vel.linear.x:0.56,cmd_vel.angular.z:-0.165469
843cte:0.205469,etheta:1.42921,cmd_vel.linear.x:0.56,cmd_vel.angular.z:0.0540241
844cte:0.25659,etheta:1.47198,cmd_vel.linear.x:0.56,cmd_vel.angular.z:0.129768
845cte:0.37036,etheta:1.50591,cmd_vel.linear.x:0.56,cmd_vel.angular.z:0.00103061
846cte:0.583491,etheta:1.50426,cmd_vel.linear.x:0.56,cmd_vel.angular.z:0.383398
847cte:0.454445,etheta:1.50302,cmd_vel.linear.x:0.56,cmd_vel.angular.z:0.443077
848cte:0.646738,etheta:1.50868,cmd_vel.linear.x:0.56,cmd_vel.angular.z:0.309824
849cte:0.881803,etheta:1.50161,cmd_vel.linear.x:0.56,cmd_vel.angular.z:0.720038
850cte:1.07183,etheta:1.49427,cmd_vel.linear.x:0.56,cmd_vel.angular.z:0.757477
851cte:0.967352,etheta:1.51174,cmd_vel.linear.x:0.56,cmd_vel.angular.z:0.787859
852cte:0.967352,etheta:1.51174,cmd_vel.linear.x:0.56,cmd_vel.angular.z:0.567989
853cte:1.19252,etheta:1.50684,cmd_vel.linear.x:0.56,cmd_vel.angular.z:0.567989
854cte:1.54343,etheta:1.4968,cmd_vel.linear.x:0.56,cmd_vel.angular.z:0.578208
855cte:-4.29817,etheta:1.54846,cmd_vel.linear.x:0.56,cmd_vel.angular.z:0.585159
856cte:0.561488,etheta:1.4103,cmd_vel.linear.x:0.56,cmd_vel.angular.z:0.60717
857cte:0.153572,etheta:1.51149,cmd_vel.linear.x:0.56,cmd_vel.angular.z:0.654666
858cte:0.713036,etheta:1.49836,cmd_vel.linear.x:0.56,cmd_vel.angular.z:0.299078
859cte:0.838208,etheta:1.49445,cmd_vel.linear.x:0.56,cmd_vel.angular.z:0.273006
860cte:0.880416,etheta:1.50737,cmd_vel.linear.x:0.56,cmd_vel.angular.z:0.263224
861cte:1.1302,etheta:1.49981,cmd_vel.linear.x:0.56,cmd_vel.angular.z:0.284819
862cte:0.719381,etheta:1.51201,cmd_vel.linear.x:0.56,cmd_vel.angular.z:0.2614
863cte:0.728456,etheta:1.50855,cmd_vel.linear.x:0.56,cmd_vel.angular.z:0.319351
864cte:0.864176,etheta:1.47305,cmd_vel.linear.x:0.56,cmd_vel.angular.z:0.307978
865cte:0.175044,etheta:1.34931,cmd_vel.linear.x:0.56,cmd_vel.angular.z:0.257503
866cte:-0.111429,etheta:-1.35281,cmd_vel.linear.x:0.56,cmd_vel.angular.z:0.297231
867cte:-0.274297,etheta:-1.39117,cmd_vel.linear.x:0.56,cmd_vel.angular.z:0.2527
868cte:-0.0164811,etheta:-1.51373,cmd_vel.linear.x:0.56,cmd_vel.angular.z:0.231379
869cte:-0.344153,etheta:-1.50807,cmd_vel.linear.x:0.64,cmd_vel.angular.z:0.202226
870cte:-0.511572,etheta:-1.50931,cmd_vel.linear.x:0.64,cmd_vel.angular.z:0.194467
871cte:-0.758426,etheta:-1.50364,cmd_vel.linear.x:0.64,cmd_vel.angular.z:0.179501
872cte:-1.01648,etheta:-1.49607,cmd_vel.linear.x:0.64,cmd_vel.angular.z:0.181026
873cte:-0.77171,etheta:-1.51393,cmd_vel.linear.x:0.64,cmd_vel.angular.z:0.174305
874cte:-0.685452,etheta:-1.51688,cmd_vel.linear.x:0.64,cmd_vel.angular.z:0.11111
875cte:-0.8884,etheta:-1.51322,cmd_vel.linear.x:0.64,cmd_vel.angular.z:0.0688748
876cte:-1.2231,etheta:-1.50633,cmd_vel.linear.x:0.64,cmd_vel.angular.z:0.0661437
877cte:-1.27644,etheta:-1.51361,cmd_vel.linear.x:0.64,cmd_vel.angular.z:0.0745712
878cte:-1.52738,etheta:-1.50861,cmd_vel.linear.x:0.64,cmd_vel.angular.z:-0.0108632
879cte:-1.52738,etheta:-1.50861,cmd_vel.linear.x:0.64,cmd_vel.angular.z:-0.00862164
880cte:-1.67746,etheta:-1.505,cmd_vel.linear.x:0.64,cmd_vel.angular.z:-0.00862164
881cte:-2.13685,etheta:-1.49037,cmd_vel.linear.x:0.64,cmd_vel.angular.z:-0.00837643
882cte:-0.970428,etheta:-1.51746,cmd_vel.linear.x:0.64,cmd_vel.angular.z:-0.00478815
883cte:-1.39354,etheta:-1.5101,cmd_vel.linear.x:0.64,cmd_vel.angular.z:-0.122511
884cte:-1.84636,etheta:-1.4976,cmd_vel.linear.x:0.64,cmd_vel.angular.z:-0.114031
885cte:-2.1946,etheta:-1.48322,cmd_vel.linear.x:0.64,cmd_vel.angular.z:-0.111842
886cte:-2.44624,etheta:-1.46754,cmd_vel.linear.x:0.64,cmd_vel.angular.z:-0.110006
887cte:-1.14589,etheta:-1.51036,cmd_vel.linear.x:0.64,cmd_vel.angular.z:-0.108629
888cte:-0.740805,etheta:-1.52342,cmd_vel.linear.x:0.64,cmd_vel.angular.z:-0.0633729
889cte:-0.927004,etheta:-1.52003,cmd_vel.linear.x:0.64,cmd_vel.angular.z:-0.332855
890cte:-0.881594,etheta:-1.5213,cmd_vel.linear.x:0.64,cmd_vel.angular.z:-0.341639
891cte:-0.695329,etheta:-1.52492,cmd_vel.linear.x:0.64,cmd_vel.angular.z:-0.620077
892cte:-1.028,etheta:-1.51804,cmd_vel.linear.x:0.64,cmd_vel.angular.z:-0.840667
893cte:-0.36848,etheta:-1.53222,cmd_vel.linear.x:0.64,cmd_vel.angular.z:-0.8865
894cte:0.00623212,etheta:-1.53653,cmd_vel.linear.x:0.64,cmd_vel.angular.z:-1.14373
895cte:-0.56205,etheta:-1.52928,cmd_vel.linear.x:0.64,cmd_vel.angular.z:-1.39238
896cte:-0.417065,etheta:-1.53282,cmd_vel.linear.x:0.64,cmd_vel.angular.z:-1.48759
897cte:-1.11347,etheta:-1.51847,cmd_vel.linear.x:0.64,cmd_vel.angular.z:-1.6846
898cte:-0.76686,etheta:-1.52977,cmd_vel.linear.x:0.64,cmd_vel.angular.z:-1.81881
899cte:-1.11866,etheta:-1.52122,cmd_vel.linear.x:0.64,cmd_vel.angular.z:-1.86055
900cte:-1.13335,etheta:-1.5222,cmd_vel.linear.x:0.64,cmd_vel.angular.z:-1.92867
901cte:-1.04865,etheta:-1.52627,cmd_vel.linear.x:0.64,cmd_vel.angular.z:-2.11288
902cte:-1.42985,etheta:-1.5202,cmd_vel.linear.x:0.64,cmd_vel.angular.z:-2.22115
903cte:-1.28853,etheta:-1.54087,cmd_vel.linear.x:0.64,cmd_vel.angular.z:-2.21781
904cte:-3.53041,etheta:-1.55321,cmd_vel.linear.x:0.64,cmd_vel.angular.z:-2.31032
905cte:6.51311,etheta:1.56628,cmd_vel.linear.x:0.64,cmd_vel.angular.z:-2.26631
906cte:6.51311,etheta:1.56628,cmd_vel.linear.x:0.64,cmd_vel.angular.z:-2.27891
907cte:-1.5927,etheta:-1.56,cmd_vel.linear.x:0.64,cmd_vel.angular.z:-2.27891
908cte:-0.801554,etheta:-1.55137,cmd_vel.linear.x:0.64,cmd_vel.angular.z:-2.00116
909cte:0.219469,etheta:1.37423,cmd_vel.linear.x:0.64,cmd_vel.angular.z:-2.03135
910cte:0.132594,etheta:1.23731,cmd_vel.linear.x:0.64,cmd_vel.angular.z:-1.86187
911cte:0.119378,etheta:1.05689,cmd_vel.linear.x:0.64,cmd_vel.angular.z:-1.57356
912cte:0.0456119,etheta:0.964789,cmd_vel.linear.x:0.64,cmd_vel.angular.z:-1.43196
913cte:0.0319782,etheta:0.780381,cmd_vel.linear.x:0.64,cmd_vel.angular.z:-1.4506
914cte:0.0354457,etheta:0.660584,cmd_vel.linear.x:0.64,cmd_vel.angular.z:-1.3245
915cte:0.0330687,etheta:0.38577,cmd_vel.linear.x:0.64,cmd_vel.angular.z:-1.26964
916cte:0.0330687,etheta:0.38577,cmd_vel.linear.x:0.8,cmd_vel.angular.z:-1.32821
917cte:0.0283166,etheta:0.27762,cmd_vel.linear.x:0.6,cmd_vel.angular.z:-0.985417
918cte:0.0235895,etheta:0.197608,cmd_vel.linear.x:0.6,cmd_vel.angular.z:-0.808718
919cte:0.0187924,etheta:0.14269,cmd_vel.linear.x:0.6,cmd_vel.angular.z:-2.18145
920cte:0.0164689,etheta:0.12495,cmd_vel.linear.x:0.6,cmd_vel.angular.z:-2.05211
921cte:0.00920643,etheta:0.0915797,cmd_vel.linear.x:0.6,cmd_vel.angular.z:-1.98664
922cte:0.00465207,etheta:0.0885539,cmd_vel.linear.x:0.6,cmd_vel.angular.z:-1.76672
923cte:-0.00110031,etheta:0.092892,cmd_vel.linear.x:0.6,cmd_vel.angular.z:-1.60618
924cte:-0.00220713,etheta:0.0966687,cmd_vel.linear.x:0.6,cmd_vel.angular.z:-1.3454
925cte:-0.00469269,etheta:0.102099,cmd_vel.linear.x:0.6,cmd_vel.angular.z:-1.27734
926cte:-0.00586506,etheta:0.105685,cmd_vel.linear.x:0.6,cmd_vel.angular.z:-1.10461
927cte:-0.00620447,etheta:0.110457,cmd_vel.linear.x:0.6,cmd_vel.angular.z:-1.00525
928cte:-0.00662176,etheta:0.122776,cmd_vel.linear.x:0.6,cmd_vel.angular.z:-0.9049
929cte:-0.00718189,etheta:0.118508,cmd_vel.linear.x:0.6,cmd_vel.angular.z:-0.782423
930cte:-0.00606067,etheta:0.127615,cmd_vel.linear.x:0.6,cmd_vel.angular.z:-0.735348
931cte:-0.00606067,etheta:0.127615,cmd_vel.linear.x:0.6,cmd_vel.angular.z:-0.565093
932cte:-0.0048943,etheta:0.1325,cmd_vel.linear.x:0.6,cmd_vel.angular.z:-0.565093
933cte:-0.00296008,etheta:0.124727,cmd_vel.linear.x:0.6,cmd_vel.angular.z:-0.470472
934cte:-0.000866976,etheta:0.114855,cmd_vel.linear.x:0.6,cmd_vel.angular.z:-0.441143
935cte:0.00197758,etheta:0.117892,cmd_vel.linear.x:0.6,cmd_vel.angular.z:-0.412126
936cte:0.00465198,etheta:0.130634,cmd_vel.linear.x:0.6,cmd_vel.angular.z:-0.34437
937cte:0.00568353,etheta:0.142686,cmd_vel.linear.x:0.6,cmd_vel.angular.z:-0.218038
938cte:0.00693592,etheta:0.154494,cmd_vel.linear.x:0.6,cmd_vel.angular.z:-0.138425
939cte:0.00762026,etheta:0.161549,cmd_vel.linear.x:0.6,cmd_vel.angular.z:-0.0566773
940cte:0.0102121,etheta:0.172567,cmd_vel.linear.x:0.6,cmd_vel.angular.z:-0.0122687
941cte:0.0130306,etheta:0.177712,cmd_vel.linear.x:0.6,cmd_vel.angular.z:0.0908516
942cte:0.0161026,etheta:0.180622,cmd_vel.linear.x:0.6,cmd_vel.angular.z:0.163368
943cte:0.0161026,etheta:0.180622,cmd_vel.linear.x:0.6,cmd_vel.angular.z:0.10249
944cte:0.0194302,etheta:0.178801,cmd_vel.linear.x:0.6,cmd_vel.angular.z:0.10249
945cte:0.0208322,etheta:0.177926,cmd_vel.linear.x:0.6,cmd_vel.angular.z:0.163564
946cte:0.0256479,etheta:0.168573,cmd_vel.linear.x:0.6,cmd_vel.angular.z:0.18874
947cte:0.0287972,etheta:0.158278,cmd_vel.linear.x:0.6,cmd_vel.angular.z:0.251826
948cte:0.0318462,etheta:0.149753,cmd_vel.linear.x:0.6,cmd_vel.angular.z:0.278258
949cte:0.0361948,etheta:0.122263,cmd_vel.linear.x:0.6,cmd_vel.angular.z:0.30431
950cte:0.0387586,etheta:0.10658,cmd_vel.linear.x:0.6,cmd_vel.angular.z:0.312708
951cte:0.0409084,etheta:0.0940893,cmd_vel.linear.x:0.6,cmd_vel.angular.z:0.322817
952cte:0.042503,etheta:0.0794903,cmd_vel.linear.x:0.6,cmd_vel.angular.z:0.331052
953cte:0.0441,etheta:0.069032,cmd_vel.linear.x:0.6,cmd_vel.angular.z:0.329644
954cte:0.0446127,etheta:0.0635468,cmd_vel.linear.x:0.6,cmd_vel.angular.z:0.33923
955cte:0.0456981,etheta:0.0414856,cmd_vel.linear.x:0.6,cmd_vel.angular.z:0.339988
956cte:0.046377,etheta:0.0309707,cmd_vel.linear.x:0.6,cmd_vel.angular.z:0.326558
957cte:0.0467942,etheta:0.0166409,cmd_vel.linear.x:0.6,cmd_vel.angular.z:0.332833
958cte:0.0467942,etheta:0.0166409,cmd_vel.linear.x:0.6,cmd_vel.angular.z:0.323126
959cte:0.0466734,etheta:0.00103501,cmd_vel.linear.x:0.6,cmd_vel.angular.z:0.323126
960cte:0.046628,etheta:-0.00711536,cmd_vel.linear.x:0.6,cmd_vel.angular.z:0.313407
961cte:0.0461323,etheta:-0.0275157,cmd_vel.linear.x:0.6,cmd_vel.angular.z:0.305326
962cte:0.0456883,etheta:-0.0400889,cmd_vel.linear.x:0.6,cmd_vel.angular.z:0.288695
963cte:0.0431158,etheta:-0.0658429,cmd_vel.linear.x:0.6,cmd_vel.angular.z:0.277247
964cte:0.0416625,etheta:-0.0781696,cmd_vel.linear.x:0.6,cmd_vel.angular.z:0.243225
965cte:0.0395353,etheta:-0.0909,cmd_vel.linear.x:0.6,cmd_vel.angular.z:0.222077
966cte:0.0373369,etheta:-0.102645,cmd_vel.linear.x:0.6,cmd_vel.angular.z:0.195816
967cte:0.0348687,etheta:-0.113747,cmd_vel.linear.x:0.6,cmd_vel.angular.z:0.278714
968cte:0.0334459,etheta:-0.121679,cmd_vel.linear.x:0.6,cmd_vel.angular.z:0.268688
969cte:0.0308915,etheta:-0.132778,cmd_vel.linear.x:0.6,cmd_vel.angular.z:0.261473
970cte:0.0278419,etheta:-0.141587,cmd_vel.linear.x:0.6,cmd_vel.angular.z:0.240688
971cte:0.0244899,etheta:-0.151985,cmd_vel.linear.x:0.6,cmd_vel.angular.z:0.226777
972cte:0.0244899,etheta:-0.151985,cmd_vel.linear.x:0.6,cmd_vel.angular.z:0.232195
973cte:0.0210686,etheta:-0.159599,cmd_vel.linear.x:0.6,cmd_vel.angular.z:0.232195
974cte:0.0187875,etheta:-0.164925,cmd_vel.linear.x:0.6,cmd_vel.angular.z:0.217475
975cte:0.0129454,etheta:-0.174908,cmd_vel.linear.x:0.6,cmd_vel.angular.z:0.205532
976cte:0.00883018,etheta:-0.181014,cmd_vel.linear.x:0.6,cmd_vel.angular.z:0.183737
977cte:0.00457136,etheta:-0.187521,cmd_vel.linear.x:0.6,cmd_vel.angular.z:0.166553
978cte:-0.00430822,etheta:-0.196918,cmd_vel.linear.x:0.6,cmd_vel.angular.z:0.143178
979cte:-0.00997863,etheta:-0.203205,cmd_vel.linear.x:0.6,cmd_vel.angular.z:0.0986301
980cte:-0.0166985,etheta:-0.204864,cmd_vel.linear.x:0.6,cmd_vel.angular.z:0.0576765
981cte:-0.0227039,etheta:-0.205246,cmd_vel.linear.x:0.6,cmd_vel.angular.z:0.0252662
982cte:-0.0287929,etheta:-0.205735,cmd_vel.linear.x:0.6,cmd_vel.angular.z:-0.00520542
983cte:-0.0306712,etheta:-0.20495,cmd_vel.linear.x:0.6,cmd_vel.angular.z:-0.0463205
984cte:-0.0306712,etheta:-0.20495,cmd_vel.linear.x:0.6,cmd_vel.angular.z:-0.0558478
985cte:-0.0376972,etheta:-0.200835,cmd_vel.linear.x:0.6,cmd_vel.angular.z:-0.0558478
986cte:-0.0424435,etheta:-0.196436,cmd_vel.linear.x:0.6,cmd_vel.angular.z:-0.10009
987cte:-0.0470439,etheta:-0.189028,cmd_vel.linear.x:0.6,cmd_vel.angular.z:-0.134086
988cte:-0.0514717,etheta:-0.181694,cmd_vel.linear.x:0.6,cmd_vel.angular.z:0.405672
989cte:-0.0582895,etheta:-0.167774,cmd_vel.linear.x:0.6,cmd_vel.angular.z:0.419268
990cte:-0.0644477,etheta:-0.151506,cmd_vel.linear.x:0.6,cmd_vel.angular.z:0.444029
991cte:-0.0681741,etheta:-0.139455,cmd_vel.linear.x:0.6,cmd_vel.angular.z:0.472586
992cte:-0.0716245,etheta:-0.128485,cmd_vel.linear.x:0.6,cmd_vel.angular.z:0.493171
993cte:-0.0750183,etheta:-0.117098,cmd_vel.linear.x:0.6,cmd_vel.angular.z:0.504706
994cte:-0.0790641,etheta:-0.104495,cmd_vel.linear.x:0.6,cmd_vel.angular.z:0.512425
995cte:-0.0819977,etheta:-0.093843,cmd_vel.linear.x:0.6,cmd_vel.angular.z:0.503876
996cte:-0.0846402,etheta:-0.0833285,cmd_vel.linear.x:0.6,cmd_vel.angular.z:0.489594
997cte:-0.0846402,etheta:-0.0833285,cmd_vel.linear.x:0.6,cmd_vel.angular.z:0.466334
998cte:-0.0858558,etheta:-0.076377,cmd_vel.linear.x:0.6,cmd_vel.angular.z:0.466334
999cte:-0.0869038,etheta:-0.0689981,cmd_vel.linear.x:0.6,cmd_vel.angular.z:0.448662
1000cte:-0.0888376,etheta:-0.0569393,cmd_vel.linear.x:0.6,cmd_vel.angular.z:0.443616
1001cte:-0.0899496,etheta:-0.046892,cmd_vel.linear.x:0.6,cmd_vel.angular.z:0.392145
1002cte:-0.0910877,etheta:-0.0315331,cmd_vel.linear.x:0.6,cmd_vel.angular.z:0.363455
1003cte:-0.0917957,etheta:-0.00784233,cmd_vel.linear.x:0.6,cmd_vel.angular.z:0.33901
1004cte:-0.0915183,etheta:0.00590144,cmd_vel.linear.x:0.6,cmd_vel.angular.z:0.289969
1005cte:-0.0908262,etheta:0.0212475,cmd_vel.linear.x:0.6,cmd_vel.angular.z:0.255403
1006cte:-0.0899754,etheta:0.0423694,cmd_vel.linear.x:0.6,cmd_vel.angular.z:0.175778
1007cte:-0.0885839,etheta:0.0590248,cmd_vel.linear.x:0.6,cmd_vel.angular.z:0.121205
1008cte:-0.0877378,etheta:0.0683615,cmd_vel.linear.x:0.6,cmd_vel.angular.z:0.067237
1009cte:-0.0847923,etheta:0.0946817,cmd_vel.linear.x:0.6,cmd_vel.angular.z:0.0317138
1010cte:-0.0835827,etheta:0.104423,cmd_vel.linear.x:0.6,cmd_vel.angular.z:-0.0825246
1011cte:-0.0796801,etheta:0.132367,cmd_vel.linear.x:0.6,cmd_vel.angular.z:-0.133243
1012cte:-0.0796801,etheta:0.132367,cmd_vel.linear.x:0,cmd_vel.angular.z:0.5
1013cte:-0.0765301,etheta:0.152744,cmd_vel.linear.x:0,cmd_vel.angular.z:0.5
1014cte:-0.0729188,etheta:0.177036,cmd_vel.linear.x:0,cmd_vel.angular.z:0.5
1015cte:-0.0718793,etheta:0.18311,cmd_vel.linear.x:0,cmd_vel.angular.z:0.5
1016cte:-0.066316,etheta:0.215065,cmd_vel.linear.x:0,cmd_vel.angular.z:0.5
1017cte:-0.0597783,etheta:0.242185,cmd_vel.linear.x:0,cmd_vel.angular.z:0.5
1018cte:-0.0547888,etheta:0.263298,cmd_vel.linear.x:0,cmd_vel.angular.z:0.5
1019cte:-0.0527476,etheta:0.273888,cmd_vel.linear.x:0,cmd_vel.angular.z:0.5
1020cte:-0.0474222,etheta:0.297721,cmd_vel.linear.x:0,cmd_vel.angular.z:0.5
1021cte:-0.0434893,etheta:0.304289,cmd_vel.linear.x:0,cmd_vel.angular.z:0.5
1022cte:-0.0413324,etheta:0.301577,cmd_vel.linear.x:0,cmd_vel.angular.z:0.5
1023cte:-0.0379144,etheta:0.30382,cmd_vel.linear.x:0,cmd_vel.angular.z:0.5
1024cte:-0.0369451,etheta:0.304261,cmd_vel.linear.x:0,cmd_vel.angular.z:0.5
1025cte:-0.0350332,etheta:0.307805,cmd_vel.linear.x:0,cmd_vel.angular.z:0.5
1026cte:-0.0350332,etheta:0.307805,cmd_vel.linear.x:0,cmd_vel.angular.z:0.5
1027cte:-0.0350998,etheta:0.301029,cmd_vel.linear.x:0,cmd_vel.angular.z:0.5
1028cte:-0.0347876,etheta:0.29404,cmd_vel.linear.x:0,cmd_vel.angular.z:0.5
1029cte:-0.0346345,etheta:0.287919,cmd_vel.linear.x:0,cmd_vel.angular.z:0.5
1030cte:-0.0346197,etheta:0.273495,cmd_vel.linear.x:0,cmd_vel.angular.z:0.5
1031cte:-0.0345876,etheta:0.237105,cmd_vel.linear.x:0,cmd_vel.angular.z:0.5
1032cte:-0.0346808,etheta:0.222215,cmd_vel.linear.x:0,cmd_vel.angular.z:0.5
1033cte:-0.0346772,etheta:0.204515,cmd_vel.linear.x:0,cmd_vel.angular.z:0.5
1034cte:-0.034752,etheta:0.179883,cmd_vel.linear.x:0,cmd_vel.angular.z:0.5
1035cte:-0.0348064,etheta:0.170484,cmd_vel.linear.x:0,cmd_vel.angular.z:0.5
tracking time,1626518388,541932052
